2018-09-12 09:30:33,0687.HK,1.770,0.000,0.000,1.770,0.00
2018-09-12 09:30:48,0687.HK,1.800,1.800,1.800,1.800,"4,000.00"
2018-09-12 09:31:02,0687.HK,1.800,1.800,1.790,1.790,"8,000.00"
2018-09-12 09:31:28,0687.HK,1.800,1.800,1.790,1.790,"8,000.00"
2018-09-12 09:31:41,0687.HK,1.800,1.800,1.790,1.790,"8,000.00"
2018-09-12 09:31:54,0687.HK,1.800,1.800,1.790,1.790,"8,000.00"
2018-09-12 09:32:33,0687.HK,1.800,1.800,1.780,1.780,44.00K
2018-09-12 09:32:54,0687.HK,1.800,1.800,1.780,1.790,46.00K
2018-09-12 09:33:13,0687.HK,1.800,1.800,1.780,1.790,48.00K
2018-09-12 09:33:27,0687.HK,1.800,1.800,1.780,1.790,48.00K
2018-09-12 09:33:40,0687.HK,1.800,1.800,1.780,1.790,48.00K
2018-09-12 09:33:54,0687.HK,1.800,1.800,1.780,1.790,48.00K
2018-09-12 09:34:15,0687.HK,1.800,1.800,1.780,1.790,48.00K
2018-09-12 09:34:31,0687.HK,1.800,1.800,1.780,1.790,48.00K
2018-09-12 09:34:44,0687.HK,1.800,1.800,1.780,1.790,64.00K
2018-09-12 09:34:58,0687.HK,1.800,1.800,1.780,1.800,88.00K
2018-09-12 09:35:14,0687.HK,1.800,1.800,1.780,1.800,94.00K
2018-09-12 09:35:29,0687.HK,1.800,1.810,1.780,1.810,114.00K
2018-09-12 09:35:42,0687.HK,1.800,1.810,1.780,1.810,114.00K
2018-09-12 09:35:58,0687.HK,1.800,1.810,1.780,1.810,146.00K
2018-09-12 09:36:16,0687.HK,1.800,1.810,1.780,1.810,146.00K
2018-09-12 09:36:30,0687.HK,1.800,1.820,1.780,1.820,148.00K
2018-09-12 09:36:42,0687.HK,1.800,1.820,1.780,1.820,148.00K
2018-09-12 09:36:56,0687.HK,1.800,1.820,1.780,1.820,148.00K
2018-09-12 09:37:11,0687.HK,1.800,1.820,1.780,1.810,148.00K
2018-09-12 09:37:25,0687.HK,1.800,1.820,1.780,1.820,186.00K
2018-09-12 09:37:38,0687.HK,1.800,1.850,1.780,1.850,300.00K
2018-09-12 09:38:05,0687.HK,1.800,1.850,1.780,1.850,334.00K
2018-09-12 09:38:29,0687.HK,1.800,1.860,1.780,1.860,530.00K
2018-09-12 09:38:43,0687.HK,1.800,1.860,1.780,1.860,530.00K
2018-09-12 09:38:58,0687.HK,1.800,1.860,1.780,1.860,530.00K
2018-09-12 09:39:13,0687.HK,1.800,1.860,1.780,1.840,536.00K
2018-09-12 09:39:26,0687.HK,1.800,1.860,1.780,1.840,550.00K
2018-09-12 09:39:39,0687.HK,1.800,1.860,1.780,1.840,558.00K
2018-09-12 09:39:54,0687.HK,1.800,1.860,1.780,1.820,578.00K
2018-09-12 09:40:26,0687.HK,1.800,1.860,1.780,1.830,608.00K
2018-09-12 09:40:39,0687.HK,1.800,1.860,1.780,1.840,632.00K
2018-09-12 09:40:52,0687.HK,1.800,1.860,1.780,1.840,632.00K
2018-09-12 09:41:07,0687.HK,1.800,1.860,1.780,1.840,632.00K
2018-09-12 09:41:26,0687.HK,1.800,1.860,1.780,1.840,632.00K
2018-09-12 09:41:38,0687.HK,1.800,1.860,1.780,1.850,642.00K
2018-09-12 09:42:04,0687.HK,1.800,1.860,1.780,1.850,872.00K
2018-09-12 09:42:27,0687.HK,1.800,1.880,1.780,1.880,926.00K
2018-09-12 09:42:42,0687.HK,1.800,1.880,1.780,1.860,940.00K
2018-09-12 09:42:54,0687.HK,1.800,1.880,1.780,1.870,952.00K
2018-09-12 09:43:09,0687.HK,1.800,1.880,1.780,1.870,974.00K
2018-09-12 09:43:27,0687.HK,1.800,1.880,1.780,1.870,1.02M
2018-09-12 09:43:40,0687.HK,1.800,1.880,1.780,1.870,1.04M
2018-09-12 09:43:59,0687.HK,1.800,1.880,1.780,1.870,1.04M
2018-09-12 09:44:27,0687.HK,1.800,1.890,1.780,1.870,1.12M
2018-09-12 09:44:39,0687.HK,1.800,1.890,1.780,1.870,1.13M
2018-09-12 09:44:53,0687.HK,1.800,1.890,1.780,1.880,1.14M
2018-09-12 09:45:10,0687.HK,1.800,1.890,1.780,1.860,1.23M
2018-09-12 09:45:24,0687.HK,1.800,1.890,1.780,1.860,1.28M
2018-09-12 09:45:37,0687.HK,1.800,1.890,1.780,1.850,1.29M
2018-09-12 09:46:04,0687.HK,1.800,1.890,1.780,1.850,1.29M
2018-09-12 09:46:32,0687.HK,1.800,1.890,1.780,1.850,1.30M
2018-09-12 09:46:45,0687.HK,1.800,1.890,1.780,1.850,1.30M
2018-09-12 09:46:58,0687.HK,1.800,1.890,1.780,1.850,1.30M
2018-09-12 09:48:23,0687.HK,1.800,1.890,1.780,1.850,1.36M
2018-09-12 09:48:36,0687.HK,1.800,1.890,1.780,1.850,1.37M
2018-09-12 09:48:48,0687.HK,1.800,1.890,1.780,1.850,1.44M
2018-09-12 09:49:15,0687.HK,1.800,1.890,1.780,1.800,1.54M
2018-09-12 09:49:35,0687.HK,1.800,1.890,1.780,1.800,1.57M
2018-09-12 09:49:51,0687.HK,1.800,1.890,1.780,1.800,1.57M
2018-09-12 09:50:26,0687.HK,1.800,1.890,1.780,1.830,1.60M
2018-09-12 09:50:47,0687.HK,1.800,1.890,1.780,1.830,1.60M
2018-09-12 09:51:01,0687.HK,1.800,1.890,1.780,1.840,1.78M
2018-09-12 09:51:28,0687.HK,1.800,1.890,1.780,1.830,1.79M
2018-09-12 09:51:40,0687.HK,1.800,1.890,1.780,1.830,1.85M
2018-09-12 09:52:01,0687.HK,1.800,1.890,1.780,1.830,1.87M
2018-09-12 09:52:41,0687.HK,1.800,1.890,1.780,1.820,1.88M
2018-09-12 09:52:57,0687.HK,1.800,1.890,1.780,1.820,1.88M
2018-09-12 09:53:20,0687.HK,1.800,1.890,1.780,1.820,1.88M
2018-09-12 09:53:32,0687.HK,1.800,1.890,1.780,1.830,1.88M
2018-09-12 09:53:47,0687.HK,1.800,1.890,1.780,1.830,1.88M
2018-09-12 09:54:21,0687.HK,1.800,1.890,1.780,1.830,1.89M
2018-09-12 09:54:33,0687.HK,1.800,1.890,1.780,1.830,1.89M
2018-09-12 09:54:46,0687.HK,1.800,1.890,1.780,1.830,1.89M
2018-09-12 09:55:00,0687.HK,1.800,1.890,1.780,1.830,1.89M
2018-09-12 09:55:14,0687.HK,1.800,1.890,1.780,1.830,1.89M
2018-09-12 09:55:26,0687.HK,1.800,1.890,1.780,1.830,1.89M
2018-09-12 09:55:41,0687.HK,1.800,1.890,1.780,1.830,1.89M
2018-09-12 09:56:00,0687.HK,1.800,1.890,1.780,1.830,1.89M
2018-09-12 09:56:35,0687.HK,1.800,1.890,1.780,1.830,1.89M
2018-09-12 09:56:50,0687.HK,1.800,1.890,1.780,1.830,1.89M
2018-09-12 09:57:04,0687.HK,1.800,1.890,1.780,1.830,1.89M
2018-09-12 09:57:26,0687.HK,1.800,1.890,1.780,1.840,1.91M
2018-09-12 09:57:39,0687.HK,1.800,1.890,1.780,1.840,1.91M
2018-09-12 09:58:00,0687.HK,1.800,1.890,1.780,1.840,1.91M
2018-09-12 09:58:30,0687.HK,1.800,1.890,1.780,1.840,1.91M
2018-09-12 09:58:46,0687.HK,1.800,1.890,1.780,1.840,1.91M
2018-09-12 09:59:02,0687.HK,1.800,1.890,1.780,1.840,1.91M
2018-09-12 09:59:31,0687.HK,1.800,1.890,1.780,1.830,1.92M
2018-09-12 09:59:45,0687.HK,1.800,1.890,1.780,1.830,1.92M
2018-09-12 10:00:27,0687.HK,1.800,1.890,1.780,1.830,1.92M
2018-09-12 10:00:42,0687.HK,1.800,1.890,1.780,1.840,1.99M
2018-09-12 10:00:55,0687.HK,1.800,1.890,1.780,1.840,1.99M
2018-09-12 10:01:08,0687.HK,1.800,1.890,1.780,1.840,2.01M
2018-09-12 10:01:38,0687.HK,1.800,1.890,1.780,1.840,2.02M
2018-09-12 10:01:58,0687.HK,1.800,1.890,1.780,1.840,2.02M
2018-09-12 10:02:28,0687.HK,1.800,1.890,1.780,1.840,2.02M
2018-09-12 10:02:42,0687.HK,1.800,1.890,1.780,1.840,2.02M
2018-09-12 10:02:56,0687.HK,1.800,1.890,1.780,1.840,2.02M
2018-09-12 10:03:15,0687.HK,1.800,1.890,1.780,1.840,2.02M
2018-09-12 10:03:39,0687.HK,1.800,1.890,1.780,1.840,2.02M
2018-09-12 10:03:53,0687.HK,1.800,1.890,1.780,1.840,2.02M
2018-09-12 10:04:18,0687.HK,1.800,1.890,1.780,1.830,2.05M
2018-09-12 10:04:37,0687.HK,1.800,1.890,1.780,1.830,2.05M
2018-09-12 10:04:51,0687.HK,1.800,1.890,1.780,1.830,2.06M
2018-09-12 10:05:06,0687.HK,1.800,1.890,1.780,1.800,2.18M
2018-09-12 10:05:23,0687.HK,1.800,1.890,1.780,1.800,2.18M
2018-09-12 10:05:35,0687.HK,1.800,1.890,1.780,1.810,2.18M
2018-09-12 10:05:50,0687.HK,1.800,1.890,1.780,1.800,2.19M
2018-09-12 10:06:23,0687.HK,1.800,1.890,1.780,1.800,2.21M
2018-09-12 10:06:38,0687.HK,1.800,1.890,1.780,1.800,2.21M
2018-09-12 10:06:52,0687.HK,1.800,1.890,1.780,1.800,2.21M
2018-09-12 10:07:04,0687.HK,1.800,1.890,1.780,1.800,2.21M
2018-09-12 10:07:32,0687.HK,1.800,1.890,1.780,1.810,2.23M
2018-09-12 10:07:47,0687.HK,1.800,1.890,1.780,1.810,2.23M
2018-09-12 10:08:13,0687.HK,1.800,1.890,1.780,1.810,2.23M
2018-09-12 10:08:36,0687.HK,1.800,1.890,1.780,1.810,2.23M
2018-09-12 10:08:49,0687.HK,1.800,1.890,1.780,1.840,2.33M
2018-09-12 10:09:02,0687.HK,1.800,1.890,1.780,1.840,2.33M
2018-09-12 10:09:20,0687.HK,1.800,1.890,1.780,1.840,2.33M
2018-09-12 10:09:34,0687.HK,1.800,1.890,1.780,1.830,2.33M
2018-09-12 10:09:50,0687.HK,1.800,1.890,1.780,1.830,2.33M
2018-09-12 10:10:22,0687.HK,1.800,1.890,1.780,1.830,2.33M
2018-09-12 10:10:39,0687.HK,1.800,1.890,1.780,1.830,2.33M
2018-09-12 10:10:55,0687.HK,1.800,1.890,1.780,1.830,2.38M
2018-09-12 10:11:16,0687.HK,1.800,1.890,1.780,1.860,2.61M
2018-09-12 10:11:35,0687.HK,1.800,1.890,1.780,1.880,2.83M
2018-09-12 10:11:49,0687.HK,1.800,1.890,1.780,1.880,2.87M
2018-09-12 10:12:23,0687.HK,1.800,1.890,1.780,1.880,2.90M
2018-09-12 10:12:46,0687.HK,1.800,1.890,1.780,1.880,2.90M
2018-09-12 10:13:02,0687.HK,1.800,1.890,1.780,1.880,2.90M
2018-09-12 10:13:23,0687.HK,1.800,1.890,1.780,1.880,2.91M
2018-09-12 10:13:37,0687.HK,1.800,1.890,1.780,1.880,2.91M
2018-09-12 10:13:59,0687.HK,1.800,1.890,1.780,1.880,2.91M
2018-09-12 10:14:34,0687.HK,1.800,1.890,1.780,1.870,2.91M
2018-09-12 10:14:52,0687.HK,1.800,1.890,1.780,1.880,2.99M
2018-09-12 10:15:11,0687.HK,1.800,1.890,1.780,1.880,2.99M
2018-09-12 10:15:26,0687.HK,1.800,1.890,1.780,1.880,2.99M
2018-09-12 10:15:39,0687.HK,1.800,1.890,1.780,1.880,2.99M
2018-09-12 10:16:05,0687.HK,1.800,1.890,1.780,1.880,2.99M
2018-09-12 10:16:38,0687.HK,1.800,1.890,1.780,1.880,2.99M
2018-09-12 10:16:54,0687.HK,1.800,1.890,1.780,1.880,2.99M
2018-09-12 10:17:08,0687.HK,1.800,1.890,1.780,1.880,2.99M
2018-09-12 10:17:25,0687.HK,1.800,1.890,1.780,1.880,2.99M
2018-09-12 10:17:37,0687.HK,1.800,1.890,1.780,1.880,2.99M
2018-09-12 10:18:12,0687.HK,1.800,1.890,1.780,1.880,2.99M
2018-09-12 10:18:40,0687.HK,1.800,1.890,1.780,1.880,2.99M
2018-09-12 10:18:57,0687.HK,1.800,1.890,1.780,1.870,2.99M
2018-09-12 10:19:12,0687.HK,1.800,1.890,1.780,1.870,2.99M
2018-09-12 10:19:33,0687.HK,1.800,1.890,1.780,1.870,3.00M
2018-09-12 10:19:47,0687.HK,1.800,1.890,1.780,1.870,3.00M
2018-09-12 10:20:16,0687.HK,1.800,1.890,1.780,1.870,3.00M
2018-09-12 10:20:40,0687.HK,1.800,1.890,1.780,1.870,3.03M
2018-09-12 10:21:00,0687.HK,1.800,1.890,1.780,1.870,3.10M
2018-09-12 10:21:27,0687.HK,1.800,1.890,1.780,1.870,3.10M
2018-09-12 10:21:49,0687.HK,1.800,1.890,1.780,1.880,3.15M
2018-09-12 10:22:36,0687.HK,1.800,1.890,1.780,1.860,3.17M
2018-09-12 10:22:58,0687.HK,1.800,1.890,1.780,1.860,3.17M
2018-09-12 10:23:27,0687.HK,1.800,1.890,1.780,1.860,3.17M
2018-09-12 10:23:43,0687.HK,1.800,1.890,1.780,1.860,3.17M
2018-09-12 10:24:17,0687.HK,1.800,1.890,1.780,1.860,3.17M
2018-09-12 10:24:36,0687.HK,1.800,1.890,1.780,1.860,3.17M
2018-09-12 10:24:49,0687.HK,1.800,1.890,1.780,1.860,3.17M
2018-09-12 10:25:04,0687.HK,1.800,1.890,1.780,1.860,3.19M
2018-09-12 10:25:34,0687.HK,1.800,1.890,1.780,1.860,3.19M
2018-09-12 10:26:09,0687.HK,1.800,1.890,1.780,1.860,3.19M
2018-09-12 10:26:38,0687.HK,1.800,1.890,1.780,1.860,3.21M
2018-09-12 10:26:53,0687.HK,1.800,1.890,1.780,1.860,3.21M
2018-09-12 10:27:07,0687.HK,1.800,1.890,1.780,1.860,3.21M
2018-09-12 10:27:31,0687.HK,1.800,1.890,1.780,1.860,3.21M
2018-09-12 10:27:43,0687.HK,1.800,1.890,1.780,1.860,3.21M
2018-09-12 10:28:18,0687.HK,1.800,1.890,1.780,1.860,3.21M
2018-09-12 10:28:43,0687.HK,1.800,1.890,1.780,1.860,3.21M
2018-09-12 10:28:59,0687.HK,1.800,1.890,1.780,1.860,3.21M
2018-09-12 10:29:16,0687.HK,1.800,1.890,1.780,1.860,3.21M
2018-09-12 10:29:30,0687.HK,1.800,1.890,1.780,1.860,3.22M
2018-09-12 10:29:43,0687.HK,1.800,1.890,1.780,1.860,3.22M
2018-09-12 10:30:17,0687.HK,1.800,1.890,1.780,1.860,3.22M
2018-09-12 10:30:30,0687.HK,1.800,1.890,1.780,1.860,3.22M
2018-09-12 10:30:42,0687.HK,1.800,1.890,1.780,1.860,3.22M
2018-09-12 10:30:57,0687.HK,1.800,1.890,1.780,1.860,3.22M
2018-09-12 10:31:10,0687.HK,1.800,1.890,1.780,1.860,3.22M
2018-09-12 10:31:22,0687.HK,1.800,1.890,1.780,1.860,3.22M
2018-09-12 10:31:34,0687.HK,1.800,1.890,1.780,1.860,3.22M
2018-09-12 10:31:47,0687.HK,1.800,1.890,1.780,1.860,3.22M
2018-09-12 10:32:03,0687.HK,1.800,1.890,1.780,1.860,3.22M
2018-09-12 10:32:22,0687.HK,1.800,1.890,1.780,1.860,3.22M
2018-09-12 10:32:35,0687.HK,1.800,1.890,1.780,1.860,3.22M
2018-09-12 10:32:53,0687.HK,1.800,1.890,1.780,1.860,3.22M
2018-09-12 10:33:06,0687.HK,1.800,1.890,1.780,1.860,3.22M
2018-09-12 10:33:18,0687.HK,1.800,1.890,1.780,1.860,3.22M
2018-09-12 10:33:33,0687.HK,1.800,1.890,1.780,1.860,3.22M
2018-09-12 10:33:45,0687.HK,1.800,1.890,1.780,1.860,3.22M
2018-09-12 10:33:58,0687.HK,1.800,1.890,1.780,1.860,3.22M
2018-09-12 10:34:20,0687.HK,1.800,1.890,1.780,1.860,3.22M
2018-09-12 10:34:36,0687.HK,1.800,1.890,1.780,1.860,3.22M
2018-09-12 10:34:50,0687.HK,1.800,1.890,1.780,1.860,3.22M
2018-09-12 10:35:04,0687.HK,1.800,1.890,1.780,1.860,3.22M
2018-09-12 10:35:24,0687.HK,1.800,1.890,1.780,1.860,3.22M
2018-09-12 10:35:39,0687.HK,1.800,1.890,1.780,1.860,3.22M
2018-09-12 10:36:04,0687.HK,1.800,1.890,1.780,1.860,3.23M
2018-09-12 10:36:38,0687.HK,1.800,1.890,1.780,1.860,3.23M
2018-09-12 10:36:57,0687.HK,1.800,1.890,1.780,1.860,3.23M
2018-09-12 10:37:25,0687.HK,1.800,1.890,1.780,1.860,3.23M
2018-09-12 10:37:46,0687.HK,1.800,1.890,1.780,1.860,3.23M
2018-09-12 10:38:14,0687.HK,1.800,1.890,1.780,1.860,3.23M
2018-09-12 10:38:34,0687.HK,1.800,1.890,1.780,1.860,3.23M
2018-09-12 10:38:48,0687.HK,1.800,1.890,1.780,1.860,3.23M
2018-09-12 10:39:09,0687.HK,1.800,1.890,1.780,1.860,3.23M
2018-09-12 10:39:28,0687.HK,1.800,1.890,1.780,1.860,3.23M
2018-09-12 10:39:41,0687.HK,1.800,1.890,1.780,1.860,3.23M
2018-09-12 10:39:55,0687.HK,1.800,1.890,1.780,1.860,3.23M
2018-09-12 10:40:21,0687.HK,1.800,1.890,1.780,1.860,3.23M
2018-09-12 10:40:35,0687.HK,1.800,1.890,1.780,1.860,3.23M
2018-09-12 10:40:50,0687.HK,1.800,1.890,1.780,1.860,3.24M
2018-09-12 10:41:04,0687.HK,1.800,1.890,1.780,1.860,3.24M
2018-09-12 10:41:30,0687.HK,1.800,1.890,1.780,1.860,3.24M
2018-09-12 10:41:45,0687.HK,1.800,1.890,1.780,1.870,3.25M
2018-09-12 10:42:13,0687.HK,1.800,1.890,1.780,1.870,3.25M
2018-09-12 10:42:37,0687.HK,1.800,1.890,1.780,1.860,3.25M
2018-09-12 10:42:52,0687.HK,1.800,1.890,1.780,1.860,3.25M
2018-09-12 10:43:04,0687.HK,1.800,1.890,1.780,1.860,3.25M
2018-09-12 10:43:34,0687.HK,1.800,1.890,1.780,1.860,3.25M
2018-09-12 10:43:58,0687.HK,1.800,1.890,1.780,1.860,3.25M
2018-09-12 10:44:28,0687.HK,1.800,1.890,1.780,1.860,3.25M
2018-09-12 10:44:46,0687.HK,1.800,1.890,1.780,1.860,3.25M
2018-09-12 10:45:16,0687.HK,1.800,1.890,1.780,1.860,3.25M
2018-09-12 10:45:38,0687.HK,1.800,1.890,1.780,1.860,3.25M
2018-09-12 10:45:55,0687.HK,1.800,1.890,1.780,1.860,3.26M
2018-09-12 10:46:20,0687.HK,1.800,1.890,1.780,1.860,3.26M
2018-09-12 10:46:37,0687.HK,1.800,1.890,1.780,1.860,3.26M
2018-09-12 10:46:56,0687.HK,1.800,1.890,1.780,1.860,3.26M
2018-09-12 10:47:12,0687.HK,1.800,1.890,1.780,1.860,3.26M
2018-09-12 10:47:29,0687.HK,1.800,1.890,1.780,1.860,3.26M
2018-09-12 10:47:52,0687.HK,1.800,1.890,1.780,1.860,3.27M
2018-09-12 10:48:13,0687.HK,1.800,1.890,1.780,1.860,3.27M
2018-09-12 10:48:31,0687.HK,1.800,1.890,1.780,1.860,3.27M
2018-09-12 10:48:47,0687.HK,1.800,1.890,1.780,1.860,3.27M
2018-09-12 10:49:02,0687.HK,1.800,1.890,1.780,1.860,3.27M
2018-09-12 10:49:19,0687.HK,1.800,1.890,1.780,1.860,3.27M
2018-09-12 10:49:32,0687.HK,1.800,1.890,1.780,1.860,3.27M
2018-09-12 10:49:47,0687.HK,1.800,1.890,1.780,1.860,3.27M
2018-09-12 10:50:12,0687.HK,1.800,1.890,1.780,1.860,3.27M
2018-09-12 10:50:32,0687.HK,1.800,1.890,1.780,1.860,3.27M
2018-09-12 10:50:48,0687.HK,1.800,1.890,1.780,1.860,3.27M
2018-09-12 10:51:03,0687.HK,1.800,1.890,1.780,1.860,3.27M
2018-09-12 10:51:33,0687.HK,1.800,1.890,1.780,1.860,3.27M
2018-09-12 10:51:47,0687.HK,1.800,1.890,1.780,1.860,3.27M
2018-09-12 10:52:19,0687.HK,1.800,1.890,1.780,1.860,3.27M
2018-09-12 10:52:40,0687.HK,1.800,1.890,1.780,1.860,3.27M
2018-09-12 10:52:54,0687.HK,1.800,1.890,1.780,1.860,3.27M
2018-09-12 10:53:10,0687.HK,1.800,1.890,1.780,1.860,3.27M
2018-09-12 10:53:50,0687.HK,1.800,1.890,1.780,1.860,3.27M
2018-09-12 10:54:20,0687.HK,1.800,1.890,1.780,1.860,3.27M
2018-09-12 10:54:40,0687.HK,1.800,1.890,1.780,1.860,3.27M
2018-09-12 10:55:05,0687.HK,1.800,1.890,1.780,1.860,3.27M
2018-09-12 10:55:31,0687.HK,1.800,1.890,1.780,1.860,3.27M
2018-09-12 10:55:46,0687.HK,1.800,1.890,1.780,1.860,3.27M
2018-09-12 10:56:05,0687.HK,1.800,1.890,1.780,1.860,3.27M
2018-09-12 10:56:29,0687.HK,1.800,1.890,1.780,1.860,3.27M
2018-09-12 10:56:46,0687.HK,1.800,1.890,1.780,1.860,3.27M
2018-09-12 10:57:01,0687.HK,1.800,1.890,1.780,1.860,3.27M
2018-09-12 10:57:25,0687.HK,1.800,1.890,1.780,1.860,3.27M
2018-09-12 10:57:38,0687.HK,1.800,1.890,1.780,1.860,3.27M
2018-09-12 10:57:53,0687.HK,1.800,1.890,1.780,1.860,3.27M
2018-09-12 10:58:10,0687.HK,1.800,1.890,1.780,1.860,3.27M
2018-09-12 10:58:24,0687.HK,1.800,1.890,1.780,1.850,3.33M
2018-09-12 10:58:38,0687.HK,1.800,1.890,1.780,1.850,3.33M
2018-09-12 10:58:52,0687.HK,1.800,1.890,1.780,1.850,3.34M
2018-09-12 10:59:05,0687.HK,1.800,1.890,1.780,1.850,3.34M
2018-09-12 10:59:17,0687.HK,1.800,1.890,1.780,1.850,3.34M
2018-09-12 10:59:30,0687.HK,1.800,1.890,1.780,1.850,3.34M
2018-09-12 10:59:44,0687.HK,1.800,1.890,1.780,1.850,3.34M
2018-09-12 11:00:01,0687.HK,1.800,1.890,1.780,1.850,3.34M
2018-09-12 11:00:16,0687.HK,1.800,1.890,1.780,1.850,3.34M
2018-09-12 11:00:29,0687.HK,1.800,1.890,1.780,1.850,3.34M
2018-09-12 11:00:42,0687.HK,1.800,1.890,1.780,1.850,3.34M
2018-09-12 11:00:57,0687.HK,1.800,1.890,1.780,1.850,3.34M
2018-09-12 11:01:13,0687.HK,1.800,1.890,1.780,1.840,3.34M
2018-09-12 11:01:26,0687.HK,1.800,1.890,1.780,1.840,3.34M
2018-09-12 11:01:39,0687.HK,1.800,1.890,1.780,1.840,3.34M
2018-09-12 11:02:00,0687.HK,1.800,1.890,1.780,1.830,3.38M
2018-09-12 11:02:37,0687.HK,1.800,1.890,1.780,1.820,3.44M
2018-09-12 11:02:56,0687.HK,1.800,1.890,1.780,1.820,3.44M
2018-09-12 11:03:27,0687.HK,1.800,1.890,1.780,1.820,3.48M
2018-09-12 11:03:49,0687.HK,1.800,1.890,1.780,1.820,3.48M
2018-09-12 11:04:24,0687.HK,1.800,1.890,1.780,1.820,3.50M
2018-09-12 11:04:44,0687.HK,1.800,1.890,1.780,1.820,3.50M
2018-09-12 11:04:58,0687.HK,1.800,1.890,1.780,1.820,3.50M
2018-09-12 11:05:18,0687.HK,1.800,1.890,1.780,1.820,3.50M
2018-09-12 11:05:36,0687.HK,1.800,1.890,1.780,1.820,3.52M
2018-09-12 11:05:51,0687.HK,1.800,1.890,1.780,1.820,3.52M
2018-09-12 11:06:06,0687.HK,1.800,1.890,1.780,1.820,3.52M
2018-09-12 11:06:33,0687.HK,1.800,1.890,1.780,1.820,3.52M
2018-09-12 11:06:53,0687.HK,1.800,1.890,1.780,1.820,3.59M
2018-09-12 11:07:11,0687.HK,1.800,1.890,1.780,1.820,3.59M
2018-09-12 11:07:32,0687.HK,1.800,1.890,1.780,1.820,3.59M
2018-09-12 11:07:46,0687.HK,1.800,1.890,1.780,1.820,3.59M
2018-09-12 11:08:22,0687.HK,1.800,1.890,1.780,1.820,3.59M
2018-09-12 11:08:40,0687.HK,1.800,1.890,1.780,1.820,3.59M
2018-09-12 11:09:00,0687.HK,1.800,1.890,1.780,1.820,3.59M
2018-09-12 11:09:20,0687.HK,1.800,1.890,1.780,1.820,3.59M
2018-09-12 11:09:38,0687.HK,1.800,1.890,1.780,1.820,3.59M
2018-09-12 11:09:55,0687.HK,1.800,1.890,1.780,1.820,3.59M
2018-09-12 11:10:22,0687.HK,1.800,1.890,1.780,1.820,3.59M
2018-09-12 11:10:36,0687.HK,1.800,1.890,1.780,1.820,3.59M
2018-09-12 11:10:50,0687.HK,1.800,1.890,1.780,1.820,3.59M
2018-09-12 11:11:02,0687.HK,1.800,1.890,1.780,1.820,3.59M
2018-09-12 11:11:15,0687.HK,1.800,1.890,1.780,1.820,3.59M
2018-09-12 11:11:28,0687.HK,1.800,1.890,1.780,1.820,3.59M
2018-09-12 11:11:41,0687.HK,1.800,1.890,1.780,1.820,3.59M
2018-09-12 11:11:58,0687.HK,1.800,1.890,1.780,1.820,3.59M
2018-09-12 11:12:19,0687.HK,1.800,1.890,1.780,1.820,3.62M
2018-09-12 11:12:36,0687.HK,1.800,1.890,1.780,1.820,3.62M
2018-09-12 11:12:50,0687.HK,1.800,1.890,1.780,1.820,3.62M
2018-09-12 11:13:05,0687.HK,1.800,1.890,1.780,1.820,3.62M
2018-09-12 11:13:22,0687.HK,1.800,1.890,1.780,1.820,3.62M
2018-09-12 11:13:35,0687.HK,1.800,1.890,1.780,1.820,3.62M
2018-09-12 11:13:50,0687.HK,1.800,1.890,1.780,1.820,3.62M
2018-09-12 11:14:21,0687.HK,1.800,1.890,1.780,1.820,3.62M
2018-09-12 11:14:39,0687.HK,1.800,1.890,1.780,1.820,3.62M
2018-09-12 11:14:55,0687.HK,1.800,1.890,1.780,1.820,3.62M
2018-09-12 11:15:10,0687.HK,1.800,1.890,1.780,1.820,3.62M
2018-09-12 11:15:38,0687.HK,1.800,1.890,1.780,1.820,3.62M
2018-09-12 11:16:04,0687.HK,1.800,1.890,1.780,1.820,3.62M
2018-09-12 11:16:41,0687.HK,1.800,1.890,1.780,1.820,3.62M
2018-09-12 11:16:58,0687.HK,1.800,1.890,1.780,1.820,3.62M
2018-09-12 11:17:24,0687.HK,1.800,1.890,1.780,1.820,3.62M
2018-09-12 11:17:40,0687.HK,1.800,1.890,1.780,1.820,3.62M
2018-09-12 11:17:54,0687.HK,1.800,1.890,1.780,1.820,3.62M
2018-09-12 11:18:21,0687.HK,1.800,1.890,1.780,1.820,3.62M
2018-09-12 11:18:36,0687.HK,1.800,1.890,1.780,1.820,3.62M
2018-09-12 11:18:53,0687.HK,1.800,1.890,1.780,1.820,3.62M
2018-09-12 11:19:09,0687.HK,1.800,1.890,1.780,1.820,3.62M
2018-09-12 11:19:30,0687.HK,1.800,1.890,1.780,1.820,3.63M
2018-09-12 11:19:44,0687.HK,1.800,1.890,1.780,1.820,3.63M
2018-09-12 11:20:14,0687.HK,1.800,1.890,1.780,1.820,3.63M
2018-09-12 11:20:32,0687.HK,1.800,1.890,1.780,1.820,3.63M
2018-09-12 11:20:47,0687.HK,1.800,1.890,1.780,1.820,3.63M
2018-09-12 11:21:00,0687.HK,1.800,1.890,1.780,1.820,3.63M
2018-09-12 11:21:19,0687.HK,1.800,1.890,1.780,1.820,3.63M
2018-09-12 11:21:32,0687.HK,1.800,1.890,1.780,1.820,3.63M
2018-09-12 11:21:46,0687.HK,1.800,1.890,1.780,1.820,3.63M
2018-09-12 11:22:15,0687.HK,1.800,1.890,1.780,1.820,3.65M
2018-09-12 11:22:37,0687.HK,1.800,1.890,1.780,1.840,3.70M
2018-09-12 11:22:57,0687.HK,1.800,1.890,1.780,1.840,3.70M
2018-09-12 11:23:19,0687.HK,1.800,1.890,1.780,1.840,3.70M
2018-09-12 11:23:39,0687.HK,1.800,1.890,1.780,1.840,3.70M
2018-09-12 11:23:54,0687.HK,1.800,1.890,1.780,1.840,3.70M
2018-09-12 11:24:37,0687.HK,1.800,1.890,1.780,1.840,3.70M
2018-09-12 11:24:52,0687.HK,1.800,1.890,1.780,1.840,3.70M
2018-09-12 11:25:09,0687.HK,1.800,1.890,1.780,1.840,3.70M
2018-09-12 11:25:28,0687.HK,1.800,1.890,1.780,1.840,3.70M
2018-09-12 11:25:52,0687.HK,1.800,1.890,1.780,1.840,3.70M
2018-09-12 11:26:22,0687.HK,1.800,1.890,1.780,1.840,3.70M
2018-09-12 11:26:39,0687.HK,1.800,1.890,1.780,1.840,3.70M
2018-09-12 11:26:54,0687.HK,1.800,1.890,1.780,1.840,3.70M
2018-09-12 11:27:07,0687.HK,1.800,1.890,1.780,1.840,3.70M
2018-09-12 11:27:33,0687.HK,1.800,1.890,1.780,1.840,3.70M
2018-09-12 11:27:47,0687.HK,1.800,1.890,1.780,1.840,3.70M
2018-09-12 11:28:03,0687.HK,1.800,1.890,1.780,1.840,3.70M
2018-09-12 11:28:21,0687.HK,1.800,1.890,1.780,1.840,3.70M
2018-09-12 11:28:37,0687.HK,1.800,1.890,1.780,1.840,3.70M
2018-09-12 11:28:53,0687.HK,1.800,1.890,1.780,1.840,3.70M
2018-09-12 11:29:07,0687.HK,1.800,1.890,1.780,1.840,3.70M
2018-09-12 11:29:23,0687.HK,1.800,1.890,1.780,1.840,3.73M
2018-09-12 11:29:35,0687.HK,1.800,1.890,1.780,1.840,3.73M
2018-09-12 11:29:49,0687.HK,1.800,1.890,1.780,1.840,3.73M
2018-09-12 11:30:03,0687.HK,1.800,1.890,1.780,1.840,3.73M
2018-09-12 11:30:29,0687.HK,1.800,1.890,1.780,1.840,3.73M
2018-09-12 11:30:42,0687.HK,1.800,1.890,1.780,1.840,3.73M
2018-09-12 11:30:55,0687.HK,1.800,1.890,1.780,1.840,3.73M
2018-09-12 11:31:16,0687.HK,1.800,1.890,1.780,1.840,3.73M
2018-09-12 11:31:36,0687.HK,1.800,1.890,1.780,1.840,3.73M
2018-09-12 11:31:57,0687.HK,1.800,1.890,1.780,1.840,3.73M
2018-09-12 11:32:28,0687.HK,1.800,1.890,1.780,1.840,3.73M
2018-09-12 11:32:41,0687.HK,1.800,1.890,1.780,1.840,3.73M
2018-09-12 11:32:53,0687.HK,1.800,1.890,1.780,1.840,3.73M
2018-09-12 11:33:16,0687.HK,1.800,1.890,1.780,1.830,3.75M
2018-09-12 11:33:32,0687.HK,1.800,1.890,1.780,1.830,3.75M
2018-09-12 11:33:48,0687.HK,1.800,1.890,1.780,1.830,3.75M
2018-09-12 11:34:16,0687.HK,1.800,1.890,1.780,1.830,3.75M
2018-09-12 11:34:37,0687.HK,1.800,1.890,1.780,1.830,3.75M
2018-09-12 11:34:53,0687.HK,1.800,1.890,1.780,1.830,3.75M
2018-09-12 11:35:19,0687.HK,1.800,1.890,1.780,1.830,3.75M
2018-09-12 11:35:54,0687.HK,1.800,1.890,1.780,1.830,3.75M
2018-09-12 11:36:22,0687.HK,1.800,1.890,1.780,1.830,3.75M
2018-09-12 11:36:44,0687.HK,1.800,1.890,1.780,1.830,3.75M
2018-09-12 11:36:59,0687.HK,1.800,1.890,1.780,1.830,3.75M
2018-09-12 11:37:19,0687.HK,1.800,1.890,1.780,1.830,3.75M
2018-09-12 11:37:37,0687.HK,1.800,1.890,1.780,1.830,3.75M
2018-09-12 11:37:50,0687.HK,1.800,1.890,1.780,1.830,3.75M
2018-09-12 11:38:15,0687.HK,1.800,1.890,1.780,1.830,3.75M
2018-09-12 11:38:40,0687.HK,1.800,1.890,1.780,1.830,3.75M
2018-09-12 11:39:00,0687.HK,1.800,1.890,1.780,1.830,3.75M
2018-09-12 11:39:34,0687.HK,1.800,1.890,1.780,1.830,3.75M
2018-09-12 11:39:56,0687.HK,1.800,1.890,1.780,1.830,3.75M
2018-09-12 11:40:35,0687.HK,1.800,1.890,1.780,1.830,3.75M
2018-09-12 11:40:52,0687.HK,1.800,1.890,1.780,1.830,3.75M
2018-09-12 11:41:04,0687.HK,1.800,1.890,1.780,1.830,3.75M
2018-09-12 11:41:46,0687.HK,1.800,1.890,1.780,1.830,3.79M
2018-09-12 11:42:07,0687.HK,1.800,1.890,1.780,1.830,3.82M
2018-09-12 11:42:37,0687.HK,1.800,1.890,1.780,1.830,3.82M
2018-09-12 11:42:53,0687.HK,1.800,1.890,1.780,1.830,3.82M
2018-09-12 11:43:09,0687.HK,1.800,1.890,1.780,1.830,3.82M
2018-09-12 11:43:31,0687.HK,1.800,1.890,1.780,1.830,3.83M
2018-09-12 11:43:47,0687.HK,1.800,1.890,1.780,1.830,3.83M
2018-09-12 11:44:18,0687.HK,1.800,1.890,1.780,1.830,3.83M
2018-09-12 11:44:44,0687.HK,1.800,1.890,1.780,1.830,3.83M
2018-09-12 11:44:59,0687.HK,1.800,1.890,1.780,1.830,3.83M
2018-09-12 11:45:18,0687.HK,1.800,1.890,1.780,1.830,3.83M
2018-09-12 11:45:36,0687.HK,1.800,1.890,1.780,1.830,3.83M
2018-09-12 11:45:52,0687.HK,1.800,1.890,1.780,1.830,3.83M
2018-09-12 11:46:23,0687.HK,1.800,1.890,1.780,1.830,3.83M
2018-09-12 11:46:44,0687.HK,1.800,1.890,1.780,1.830,3.83M
2018-09-12 11:46:57,0687.HK,1.800,1.890,1.780,1.830,3.83M
2018-09-12 11:47:21,0687.HK,1.800,1.890,1.780,1.830,3.83M
2018-09-12 11:47:33,0687.HK,1.800,1.890,1.780,1.830,3.83M
2018-09-12 11:47:47,0687.HK,1.800,1.890,1.780,1.830,3.83M
2018-09-12 11:48:02,0687.HK,1.800,1.890,1.780,1.830,3.83M
2018-09-12 11:48:30,0687.HK,1.800,1.890,1.780,1.830,3.83M
2018-09-12 11:48:42,0687.HK,1.800,1.890,1.780,1.830,3.83M
2018-09-12 11:48:58,0687.HK,1.800,1.890,1.780,1.830,3.83M
2018-09-12 11:49:18,0687.HK,1.800,1.890,1.780,1.830,3.83M
2018-09-12 11:49:37,0687.HK,1.800,1.890,1.780,1.830,3.83M
2018-09-12 11:49:51,0687.HK,1.800,1.890,1.780,1.830,3.83M
2018-09-12 11:50:19,0687.HK,1.800,1.890,1.780,1.830,3.83M
2018-09-12 11:50:40,0687.HK,1.800,1.890,1.780,1.830,3.83M
2018-09-12 11:50:55,0687.HK,1.800,1.890,1.780,1.830,3.83M
2018-09-12 11:51:10,0687.HK,1.800,1.890,1.780,1.830,3.83M
2018-09-12 11:51:26,0687.HK,1.800,1.890,1.780,1.830,3.83M
2018-09-12 11:51:44,0687.HK,1.800,1.890,1.780,1.830,3.83M
2018-09-12 11:52:00,0687.HK,1.800,1.890,1.780,1.830,3.83M
2018-09-12 11:52:27,0687.HK,1.800,1.890,1.780,1.830,3.84M
2018-09-12 11:52:40,0687.HK,1.800,1.890,1.780,1.830,3.84M
2018-09-12 11:52:53,0687.HK,1.800,1.890,1.780,1.830,3.85M
2018-09-12 11:53:06,0687.HK,1.800,1.890,1.780,1.830,3.85M
2018-09-12 11:53:29,0687.HK,1.800,1.890,1.780,1.830,3.85M
2018-09-12 11:53:41,0687.HK,1.800,1.890,1.780,1.830,3.85M
2018-09-12 11:54:01,0687.HK,1.800,1.890,1.780,1.830,3.85M
2018-09-12 11:54:29,0687.HK,1.800,1.890,1.780,1.840,3.88M
2018-09-12 11:54:42,0687.HK,1.800,1.890,1.780,1.840,3.88M
2018-09-12 11:54:55,0687.HK,1.800,1.890,1.780,1.840,3.88M
2018-09-12 11:55:18,0687.HK,1.800,1.890,1.780,1.820,3.89M
2018-09-12 11:55:33,0687.HK,1.800,1.890,1.780,1.820,3.89M
2018-09-12 11:55:47,0687.HK,1.800,1.890,1.780,1.820,3.89M
2018-09-12 11:56:03,0687.HK,1.800,1.890,1.780,1.820,3.89M
2018-09-12 11:56:32,0687.HK,1.800,1.890,1.780,1.820,3.89M
2018-09-12 11:56:49,0687.HK,1.800,1.890,1.780,1.820,3.89M
2018-09-12 11:57:03,0687.HK,1.800,1.890,1.780,1.820,3.89M
2018-09-12 11:57:26,0687.HK,1.800,1.890,1.780,1.820,3.89M
2018-09-12 11:57:41,0687.HK,1.800,1.890,1.780,1.820,3.89M
2018-09-12 11:58:22,0687.HK,1.800,1.890,1.780,1.820,3.89M
2018-09-12 11:58:36,0687.HK,1.800,1.890,1.780,1.820,3.89M
2018-09-12 11:58:49,0687.HK,1.800,1.890,1.780,1.820,3.89M
2018-09-12 11:59:06,0687.HK,1.800,1.890,1.780,1.820,3.89M
2018-09-12 11:59:27,0687.HK,1.800,1.890,1.780,1.820,3.89M
2018-09-12 11:59:44,0687.HK,1.800,1.890,1.780,1.820,3.89M
2018-09-12 12:00:16,0687.HK,1.800,1.890,1.780,1.820,3.89M
2018-09-12 12:00:38,0687.HK,1.800,1.890,1.780,1.820,3.89M
2018-09-12 12:00:56,0687.HK,1.800,1.890,1.780,1.820,3.89M
2018-09-12 12:01:31,0687.HK,1.800,1.890,1.780,1.820,3.89M
2018-09-12 12:01:50,0687.HK,1.800,1.890,1.780,1.820,3.89M
2018-09-12 12:02:21,0687.HK,1.800,1.890,1.780,1.820,3.89M
2018-09-12 12:02:39,0687.HK,1.800,1.890,1.780,1.820,3.89M
2018-09-12 12:02:54,0687.HK,1.800,1.890,1.780,1.820,3.89M
2018-09-12 12:03:09,0687.HK,1.800,1.890,1.780,1.820,3.89M
2018-09-12 12:03:22,0687.HK,1.800,1.890,1.780,1.820,3.89M
2018-09-12 12:03:34,0687.HK,1.800,1.890,1.780,1.820,3.89M
2018-09-12 12:03:51,0687.HK,1.800,1.890,1.780,1.820,3.89M
2018-09-12 12:04:32,0687.HK,1.800,1.890,1.780,1.820,3.89M
2018-09-12 12:04:46,0687.HK,1.800,1.890,1.780,1.820,3.89M
2018-09-12 12:04:59,0687.HK,1.800,1.890,1.780,1.820,3.89M
2018-09-12 12:05:17,0687.HK,1.800,1.890,1.780,1.820,3.89M
2018-09-12 12:05:38,0687.HK,1.800,1.890,1.780,1.820,3.89M
2018-09-12 12:05:52,0687.HK,1.800,1.890,1.780,1.820,3.89M
2018-09-12 12:06:16,0687.HK,1.800,1.890,1.780,1.820,3.89M
2018-09-12 12:06:32,0687.HK,1.800,1.890,1.780,1.820,3.89M
2018-09-12 12:06:45,0687.HK,1.800,1.890,1.780,1.820,3.89M
2018-09-12 12:06:57,0687.HK,1.800,1.890,1.780,1.820,3.89M
2018-09-12 12:07:11,0687.HK,1.800,1.890,1.780,1.820,3.89M
2018-09-12 12:07:24,0687.HK,1.800,1.890,1.780,1.820,3.89M
2018-09-12 12:07:37,0687.HK,1.800,1.890,1.780,1.820,3.89M
2018-09-12 12:07:53,0687.HK,1.800,1.890,1.780,1.820,3.89M
2018-09-12 12:08:10,0687.HK,1.800,1.890,1.780,1.820,3.89M
2018-09-12 12:08:30,0687.HK,1.800,1.890,1.780,1.820,3.89M
2018-09-12 12:08:42,0687.HK,1.800,1.890,1.780,1.820,3.89M
2018-09-12 12:08:59,0687.HK,1.800,1.890,1.780,1.820,3.89M
2018-09-12 12:09:17,0687.HK,1.800,1.890,1.780,1.820,3.89M
2018-09-12 12:09:30,0687.HK,1.800,1.890,1.780,1.820,3.89M
2018-09-12 12:10:30,0687.HK,1.800,1.890,1.780,1.820,3.89M
2018-09-12 12:10:45,0687.HK,1.800,1.890,1.780,1.820,3.89M
2018-09-12 12:10:58,0687.HK,1.800,1.890,1.780,1.820,3.89M
2018-09-12 12:11:35,0687.HK,1.800,1.890,1.780,1.820,3.89M
2018-09-12 12:11:51,0687.HK,1.800,1.890,1.780,1.820,3.89M
2018-09-12 12:12:17,0687.HK,1.800,1.890,1.780,1.820,3.89M
2018-09-12 12:12:35,0687.HK,1.800,1.890,1.780,1.820,3.89M
2018-09-12 12:12:49,0687.HK,1.800,1.890,1.780,1.820,3.89M
2018-09-12 12:13:02,0687.HK,1.800,1.890,1.780,1.820,3.89M
2018-09-12 12:13:31,0687.HK,1.800,1.890,1.780,1.820,3.89M
2018-09-12 12:13:43,0687.HK,1.800,1.890,1.780,1.820,3.89M
2018-09-12 12:14:00,0687.HK,1.800,1.890,1.780,1.820,3.89M
2018-09-12 12:14:24,0687.HK,1.800,1.890,1.780,1.820,3.89M
2018-09-12 12:14:38,0687.HK,1.800,1.890,1.780,1.820,3.89M
2018-09-12 12:14:51,0687.HK,1.800,1.890,1.780,1.820,3.89M
2018-09-12 12:15:16,0687.HK,1.800,1.890,1.780,1.820,3.89M
2018-09-12 12:15:32,0687.HK,1.800,1.890,1.780,1.820,3.89M
2018-09-12 12:15:47,0687.HK,1.800,1.890,1.780,1.820,3.89M
2018-09-12 12:16:02,0687.HK,1.800,1.890,1.780,1.820,3.89M
2018-09-12 12:16:36,0687.HK,1.800,1.890,1.780,1.820,3.89M
2018-09-12 12:16:52,0687.HK,1.800,1.890,1.780,1.820,3.89M
2018-09-12 12:17:04,0687.HK,1.800,1.890,1.780,1.820,3.89M
2018-09-12 12:17:25,0687.HK,1.800,1.890,1.780,1.820,3.89M
2018-09-12 12:17:46,0687.HK,1.800,1.890,1.780,1.820,3.89M
2018-09-12 12:18:07,0687.HK,1.800,1.890,1.780,1.820,3.89M
2018-09-12 12:18:30,0687.HK,1.800,1.890,1.780,1.820,3.89M
2018-09-12 12:18:43,0687.HK,1.800,1.890,1.780,1.820,3.89M
2018-09-12 12:18:56,0687.HK,1.800,1.890,1.780,1.820,3.89M
2018-09-12 12:19:13,0687.HK,1.800,1.890,1.780,1.820,3.89M
2018-09-12 12:19:28,0687.HK,1.800,1.890,1.780,1.820,3.89M
2018-09-12 12:19:40,0687.HK,1.800,1.890,1.780,1.820,3.89M
2018-09-12 12:19:59,0687.HK,1.800,1.890,1.780,1.820,3.89M
2018-09-12 12:20:24,0687.HK,1.800,1.890,1.780,1.820,3.89M
2018-09-12 12:20:37,0687.HK,1.800,1.890,1.780,1.820,3.89M
2018-09-12 12:20:52,0687.HK,1.800,1.890,1.780,1.820,3.89M
2018-09-12 12:21:08,0687.HK,1.800,1.890,1.780,1.820,3.89M
2018-09-12 12:21:35,0687.HK,1.800,1.890,1.780,1.820,3.89M
2018-09-12 12:21:52,0687.HK,1.800,1.890,1.780,1.820,3.89M
2018-09-12 12:22:25,0687.HK,1.800,1.890,1.780,1.820,3.89M
2018-09-12 12:22:39,0687.HK,1.800,1.890,1.780,1.820,3.89M
2018-09-12 12:22:51,0687.HK,1.800,1.890,1.780,1.820,3.89M
2018-09-12 12:23:06,0687.HK,1.800,1.890,1.780,1.820,3.89M
2018-09-12 12:23:24,0687.HK,1.800,1.890,1.780,1.820,3.89M
2018-09-12 12:23:37,0687.HK,1.800,1.890,1.780,1.820,3.89M
2018-09-12 12:23:51,0687.HK,1.800,1.890,1.780,1.820,3.89M
2018-09-12 12:24:17,0687.HK,1.800,1.890,1.780,1.820,3.89M
2018-09-12 12:24:39,0687.HK,1.800,1.890,1.780,1.820,3.89M
2018-09-12 12:24:52,0687.HK,1.800,1.890,1.780,1.820,3.89M
2018-09-12 12:25:10,0687.HK,1.800,1.890,1.780,1.820,3.89M
2018-09-12 12:25:35,0687.HK,1.800,1.890,1.780,1.820,3.89M
2018-09-12 12:25:51,0687.HK,1.800,1.890,1.780,1.820,3.89M
2018-09-12 12:26:06,0687.HK,1.800,1.890,1.780,1.820,3.89M
2018-09-12 12:26:26,0687.HK,1.800,1.890,1.780,1.820,3.89M
2018-09-12 12:26:39,0687.HK,1.800,1.890,1.780,1.820,3.89M
2018-09-12 12:26:55,0687.HK,1.800,1.890,1.780,1.820,3.89M
2018-09-12 12:27:08,0687.HK,1.800,1.890,1.780,1.820,3.89M
2018-09-12 12:27:26,0687.HK,1.800,1.890,1.780,1.820,3.89M
2018-09-12 12:27:39,0687.HK,1.800,1.890,1.780,1.820,3.89M
2018-09-12 12:27:55,0687.HK,1.800,1.890,1.780,1.820,3.89M
2018-09-12 12:28:27,0687.HK,1.800,1.890,1.780,1.820,3.89M
2018-09-12 12:28:41,0687.HK,1.800,1.890,1.780,1.820,3.89M
2018-09-12 12:28:55,0687.HK,1.800,1.890,1.780,1.820,3.89M
2018-09-12 12:29:18,0687.HK,1.800,1.890,1.780,1.820,3.89M
2018-09-12 12:30:28,0687.HK,1.800,1.890,1.780,1.820,3.89M
2018-09-12 12:30:41,0687.HK,1.800,1.890,1.780,1.820,3.89M
2018-09-12 12:30:55,0687.HK,1.800,1.890,1.780,1.820,3.89M
2018-09-12 12:31:21,0687.HK,1.800,1.890,1.780,1.820,3.89M
2018-09-12 12:31:43,0687.HK,1.800,1.890,1.780,1.820,3.89M
2018-09-12 12:31:58,0687.HK,1.800,1.890,1.780,1.820,3.89M
2018-09-12 12:32:37,0687.HK,1.800,1.890,1.780,1.820,3.89M
2018-09-12 12:32:50,0687.HK,1.800,1.890,1.780,1.820,3.89M
2018-09-12 12:33:06,0687.HK,1.800,1.890,1.780,1.820,3.89M
2018-09-12 12:33:26,0687.HK,1.800,1.890,1.780,1.820,3.89M
2018-09-12 12:33:39,0687.HK,1.800,1.890,1.780,1.820,3.89M
2018-09-12 12:33:57,0687.HK,1.800,1.890,1.780,1.820,3.89M
2018-09-12 12:34:30,0687.HK,1.800,1.890,1.780,1.820,3.89M
2018-09-12 12:34:42,0687.HK,1.800,1.890,1.780,1.820,3.89M
2018-09-12 12:34:57,0687.HK,1.800,1.890,1.780,1.820,3.89M
2018-09-12 12:35:17,0687.HK,1.800,1.890,1.780,1.820,3.89M
2018-09-12 12:35:30,0687.HK,1.800,1.890,1.780,1.820,3.89M
2018-09-12 12:35:44,0687.HK,1.800,1.890,1.780,1.820,3.89M
2018-09-12 12:36:07,0687.HK,1.800,1.890,1.780,1.820,3.89M
2018-09-12 12:36:30,0687.HK,1.800,1.890,1.780,1.820,3.89M
2018-09-12 12:36:44,0687.HK,1.800,1.890,1.780,1.820,3.89M
2018-09-12 12:36:57,0687.HK,1.800,1.890,1.780,1.820,3.89M
2018-09-12 12:37:13,0687.HK,1.800,1.890,1.780,1.820,3.89M
2018-09-12 12:37:26,0687.HK,1.800,1.890,1.780,1.820,3.89M
2018-09-12 12:37:39,0687.HK,1.800,1.890,1.780,1.820,3.89M
2018-09-12 12:37:52,0687.HK,1.800,1.890,1.780,1.820,3.89M
2018-09-12 12:38:22,0687.HK,1.800,1.890,1.780,1.820,3.89M
2018-09-12 12:38:37,0687.HK,1.800,1.890,1.780,1.820,3.89M
2018-09-12 12:38:50,0687.HK,1.800,1.890,1.780,1.820,3.89M
2018-09-12 12:39:13,0687.HK,1.800,1.890,1.780,1.820,3.89M
2018-09-12 12:39:41,0687.HK,1.800,1.890,1.780,1.820,3.89M
2018-09-12 12:40:00,0687.HK,1.800,1.890,1.780,1.820,3.89M
2018-09-12 12:40:33,0687.HK,1.800,1.890,1.780,1.820,3.89M
2018-09-12 12:40:49,0687.HK,1.800,1.890,1.780,1.820,3.89M
2018-09-12 12:41:03,0687.HK,1.800,1.890,1.780,1.820,3.89M
2018-09-12 12:41:32,0687.HK,1.800,1.890,1.780,1.820,3.89M
2018-09-12 12:41:47,0687.HK,1.800,1.890,1.780,1.820,3.89M
2018-09-12 12:42:05,0687.HK,1.800,1.890,1.780,1.820,3.89M
2018-09-12 12:42:25,0687.HK,1.800,1.890,1.780,1.820,3.89M
2018-09-12 12:42:38,0687.HK,1.800,1.890,1.780,1.820,3.89M
2018-09-12 12:42:53,0687.HK,1.800,1.890,1.780,1.820,3.89M
2018-09-12 12:43:10,0687.HK,1.800,1.890,1.780,1.820,3.89M
2018-09-12 12:43:23,0687.HK,1.800,1.890,1.780,1.820,3.89M
2018-09-12 12:43:36,0687.HK,1.800,1.890,1.780,1.820,3.89M
2018-09-12 12:43:50,0687.HK,1.800,1.890,1.780,1.820,3.89M
2018-09-12 12:44:14,0687.HK,1.800,1.890,1.780,1.820,3.89M
2018-09-12 12:44:35,0687.HK,1.800,1.890,1.780,1.820,3.89M
2018-09-12 12:44:48,0687.HK,1.800,1.890,1.780,1.820,3.89M
2018-09-12 12:45:02,0687.HK,1.800,1.890,1.780,1.820,3.89M
2018-09-12 12:45:19,0687.HK,1.800,1.890,1.780,1.820,3.89M
2018-09-12 12:45:32,0687.HK,1.800,1.890,1.780,1.820,3.89M
2018-09-12 12:45:45,0687.HK,1.800,1.890,1.780,1.820,3.89M
2018-09-12 12:46:00,0687.HK,1.800,1.890,1.780,1.820,3.89M
2018-09-12 12:46:26,0687.HK,1.800,1.890,1.780,1.820,3.89M
2018-09-12 12:46:39,0687.HK,1.800,1.890,1.780,1.820,3.89M
2018-09-12 12:46:57,0687.HK,1.800,1.890,1.780,1.820,3.89M
2018-09-12 12:47:25,0687.HK,1.800,1.890,1.780,1.820,3.89M
2018-09-12 12:47:39,0687.HK,1.800,1.890,1.780,1.820,3.89M
2018-09-12 12:48:00,0687.HK,1.800,1.890,1.780,1.820,3.89M
2018-09-12 12:48:32,0687.HK,1.800,1.890,1.780,1.820,3.89M
2018-09-12 12:48:50,0687.HK,1.800,1.890,1.780,1.820,3.89M
2018-09-12 12:49:10,0687.HK,1.800,1.890,1.780,1.820,3.89M
2018-09-12 12:49:32,0687.HK,1.800,1.890,1.780,1.820,3.89M
2018-09-12 12:49:45,0687.HK,1.800,1.890,1.780,1.820,3.89M
2018-09-12 12:50:07,0687.HK,1.800,1.890,1.780,1.820,3.89M
2018-09-12 12:50:35,0687.HK,1.800,1.890,1.780,1.820,3.89M
2018-09-12 12:50:48,0687.HK,1.800,1.890,1.780,1.820,3.89M
2018-09-12 12:51:01,0687.HK,1.800,1.890,1.780,1.820,3.89M
2018-09-12 12:51:18,0687.HK,1.800,1.890,1.780,1.820,3.89M
2018-09-12 12:51:35,0687.HK,1.800,1.890,1.780,1.820,3.89M
2018-09-12 12:51:48,0687.HK,1.800,1.890,1.780,1.820,3.89M
2018-09-12 12:52:05,0687.HK,1.800,1.890,1.780,1.820,3.89M
2018-09-12 12:52:29,0687.HK,1.800,1.890,1.780,1.820,3.89M
2018-09-12 12:52:42,0687.HK,1.800,1.890,1.780,1.820,3.89M
2018-09-12 12:52:58,0687.HK,1.800,1.890,1.780,1.820,3.89M
2018-09-12 12:53:20,0687.HK,1.800,1.890,1.780,1.820,3.89M
2018-09-12 12:53:33,0687.HK,1.800,1.890,1.780,1.820,3.89M
2018-09-12 12:53:48,0687.HK,1.800,1.890,1.780,1.820,3.89M
2018-09-12 12:54:04,0687.HK,1.800,1.890,1.780,1.820,3.89M
2018-09-12 12:54:33,0687.HK,1.800,1.890,1.780,1.820,3.89M
2018-09-12 12:54:53,0687.HK,1.800,1.890,1.780,1.820,3.89M
2018-09-12 12:55:16,0687.HK,1.800,1.890,1.780,1.820,3.89M
2018-09-12 12:55:36,0687.HK,1.800,1.890,1.780,1.820,3.89M
2018-09-12 12:55:59,0687.HK,1.800,1.890,1.780,1.820,3.89M
2018-09-12 12:56:29,0687.HK,1.800,1.890,1.780,1.820,3.89M
2018-09-12 12:56:42,0687.HK,1.800,1.890,1.780,1.820,3.89M
2018-09-12 12:56:55,0687.HK,1.800,1.890,1.780,1.820,3.89M
2018-09-12 12:57:16,0687.HK,1.800,1.890,1.780,1.820,3.89M
2018-09-12 12:57:35,0687.HK,1.800,1.890,1.780,1.820,3.89M
2018-09-12 12:57:51,0687.HK,1.800,1.890,1.780,1.820,3.89M
2018-09-12 12:58:15,0687.HK,1.800,1.890,1.780,1.820,3.89M
2018-09-12 12:58:30,0687.HK,1.800,1.890,1.780,1.820,3.89M
2018-09-12 12:58:42,0687.HK,1.800,1.890,1.780,1.820,3.89M
2018-09-12 12:58:56,0687.HK,1.800,1.890,1.780,1.820,3.89M
2018-09-12 12:59:11,0687.HK,1.800,1.890,1.780,1.820,3.89M
2018-09-12 12:59:23,0687.HK,1.800,1.890,1.780,1.820,3.89M
2018-09-12 12:59:36,0687.HK,1.800,1.890,1.780,1.820,3.89M
2018-09-12 12:59:49,0687.HK,1.800,1.890,1.780,1.820,3.89M
2018-09-12 13:00:06,0687.HK,1.800,1.890,1.780,1.820,3.89M
2018-09-12 13:00:27,0687.HK,1.800,1.890,1.780,1.820,3.91M
2018-09-12 13:00:42,0687.HK,1.800,1.890,1.780,1.830,3.93M
2018-09-12 13:00:59,0687.HK,1.800,1.890,1.780,1.830,3.93M
2018-09-12 13:01:16,0687.HK,1.800,1.890,1.780,1.830,3.93M
2018-09-12 13:01:29,0687.HK,1.800,1.890,1.780,1.830,3.93M
2018-09-12 13:01:46,0687.HK,1.800,1.890,1.780,1.830,3.93M
2018-09-12 13:02:09,0687.HK,1.800,1.890,1.780,1.830,3.93M
2018-09-12 13:02:33,0687.HK,1.800,1.890,1.780,1.830,3.93M
2018-09-12 13:02:46,0687.HK,1.800,1.890,1.780,1.830,3.93M
2018-09-12 13:03:03,0687.HK,1.800,1.890,1.780,1.830,3.93M
2018-09-12 13:03:22,0687.HK,1.800,1.890,1.780,1.830,3.93M
2018-09-12 13:03:35,0687.HK,1.800,1.890,1.780,1.830,3.93M
2018-09-12 13:03:50,0687.HK,1.800,1.890,1.780,1.830,3.93M
2018-09-12 13:04:26,0687.HK,1.800,1.890,1.780,1.830,3.93M
2018-09-12 13:04:47,0687.HK,1.800,1.890,1.780,1.830,3.93M
2018-09-12 13:05:01,0687.HK,1.800,1.890,1.780,1.830,3.93M
2018-09-12 13:05:29,0687.HK,1.800,1.890,1.780,1.830,3.93M
2018-09-12 13:05:55,0687.HK,1.800,1.890,1.780,1.830,3.93M
2018-09-12 13:06:32,0687.HK,1.800,1.890,1.780,1.830,3.95M
2018-09-12 13:06:50,0687.HK,1.800,1.890,1.780,1.840,3.98M
2018-09-12 13:07:06,0687.HK,1.800,1.890,1.780,1.840,4.00M
2018-09-12 13:07:30,0687.HK,1.800,1.890,1.780,1.840,4.00M
2018-09-12 13:07:44,0687.HK,1.800,1.890,1.780,1.840,4.00M
2018-09-12 13:08:01,0687.HK,1.800,1.890,1.780,1.850,4.00M
2018-09-12 13:08:31,0687.HK,1.800,1.890,1.780,1.850,4.00M
2018-09-12 13:08:43,0687.HK,1.800,1.890,1.780,1.850,4.00M
2018-09-12 13:08:57,0687.HK,1.800,1.890,1.780,1.860,4.05M
2018-09-12 13:10:40,0687.HK,1.800,1.890,1.780,1.860,4.11M
2018-09-12 13:10:55,0687.HK,1.800,1.890,1.780,1.860,4.22M
2018-09-12 13:11:09,0687.HK,1.800,1.890,1.780,1.860,4.23M
2018-09-12 13:11:45,0687.HK,1.800,1.890,1.780,1.860,4.23M
2018-09-12 13:12:27,0687.HK,1.800,1.890,1.780,1.860,4.23M
2018-09-12 13:12:39,0687.HK,1.800,1.890,1.780,1.860,4.23M
2018-09-12 13:12:55,0687.HK,1.800,1.890,1.780,1.860,4.23M
2018-09-12 13:13:17,0687.HK,1.800,1.890,1.780,1.850,4.26M
2018-09-12 13:13:47,0687.HK,1.800,1.890,1.780,1.850,4.26M
2018-09-12 13:14:22,0687.HK,1.800,1.890,1.780,1.850,4.26M
2018-09-12 13:14:48,0687.HK,1.800,1.890,1.780,1.850,4.26M
2018-09-12 13:15:04,0687.HK,1.800,1.890,1.780,1.850,4.26M
2018-09-12 13:15:27,0687.HK,1.800,1.890,1.780,1.850,4.26M
2018-09-12 13:15:39,0687.HK,1.800,1.890,1.780,1.850,4.26M
2018-09-12 13:15:56,0687.HK,1.800,1.890,1.780,1.840,4.27M
2018-09-12 13:16:33,0687.HK,1.800,1.890,1.780,1.840,4.27M
2018-09-12 13:16:46,0687.HK,1.800,1.890,1.780,1.840,4.27M
2018-09-12 13:17:00,0687.HK,1.800,1.890,1.780,1.840,4.27M
2018-09-12 13:17:14,0687.HK,1.800,1.890,1.780,1.830,4.31M
2018-09-12 13:17:30,0687.HK,1.800,1.890,1.780,1.830,4.39M
2018-09-12 13:17:46,0687.HK,1.800,1.890,1.780,1.830,4.39M
2018-09-12 13:18:16,0687.HK,1.800,1.890,1.780,1.830,4.39M
2018-09-12 13:18:33,0687.HK,1.800,1.890,1.780,1.830,4.39M
2018-09-12 13:18:48,0687.HK,1.800,1.890,1.780,1.830,4.39M
2018-09-12 13:19:06,0687.HK,1.800,1.890,1.780,1.830,4.39M
2018-09-12 13:19:24,0687.HK,1.800,1.890,1.780,1.830,4.39M
2018-09-12 13:19:38,0687.HK,1.800,1.890,1.780,1.830,4.39M
2018-09-12 13:19:51,0687.HK,1.800,1.890,1.780,1.830,4.39M
2018-09-12 13:20:27,0687.HK,1.800,1.890,1.780,1.830,4.39M
2018-09-12 13:20:41,0687.HK,1.800,1.890,1.780,1.830,4.39M
2018-09-12 13:20:56,0687.HK,1.800,1.890,1.780,1.830,4.39M
2018-09-12 13:21:23,0687.HK,1.800,1.890,1.780,1.830,4.39M
2018-09-12 13:21:36,0687.HK,1.800,1.890,1.780,1.830,4.39M
2018-09-12 13:22:43,0687.HK,1.800,1.890,1.780,1.830,4.39M
2018-09-12 13:23:03,0687.HK,1.800,1.890,1.780,1.830,4.39M
2018-09-12 13:23:22,0687.HK,1.800,1.890,1.780,1.830,4.39M
2018-09-12 13:23:38,0687.HK,1.800,1.890,1.780,1.830,4.39M
2018-09-12 13:24:12,0687.HK,1.800,1.890,1.780,1.830,4.39M
2018-09-12 13:24:41,0687.HK,1.800,1.890,1.780,1.830,4.39M
2018-09-12 13:24:57,0687.HK,1.800,1.890,1.780,1.830,4.39M
2018-09-12 13:25:20,0687.HK,1.800,1.890,1.780,1.830,4.39M
2018-09-12 13:25:34,0687.HK,1.800,1.890,1.780,1.830,4.39M
2018-09-12 13:25:56,0687.HK,1.800,1.890,1.780,1.830,4.39M
2018-09-12 13:26:31,0687.HK,1.800,1.890,1.780,1.830,4.39M
2018-09-12 13:26:46,0687.HK,1.800,1.890,1.780,1.830,4.39M
2018-09-12 13:27:04,0687.HK,1.800,1.890,1.780,1.830,4.39M
2018-09-12 13:27:30,0687.HK,1.800,1.890,1.780,1.830,4.39M
2018-09-12 13:27:50,0687.HK,1.800,1.890,1.780,1.830,4.39M
2018-09-12 13:28:32,0687.HK,1.800,1.890,1.780,1.830,4.39M
2018-09-12 13:28:50,0687.HK,1.800,1.890,1.780,1.830,4.39M
2018-09-12 13:29:09,0687.HK,1.800,1.890,1.780,1.830,4.39M
2018-09-12 13:29:31,0687.HK,1.800,1.890,1.780,1.840,4.42M
2018-09-12 13:29:56,0687.HK,1.800,1.890,1.780,1.850,4.45M
2018-09-12 13:30:30,0687.HK,1.800,1.890,1.780,1.850,4.45M
2018-09-12 13:30:49,0687.HK,1.800,1.890,1.780,1.850,4.47M
2018-09-12 13:31:04,0687.HK,1.800,1.890,1.780,1.850,4.47M
2018-09-12 13:31:31,0687.HK,1.800,1.890,1.780,1.850,4.47M
2018-09-12 13:31:49,0687.HK,1.800,1.890,1.780,1.850,4.50M
2018-09-12 13:32:33,0687.HK,1.800,1.890,1.780,1.850,4.51M
2018-09-12 13:32:49,0687.HK,1.800,1.890,1.780,1.850,4.51M
2018-09-12 13:33:09,0687.HK,1.800,1.890,1.780,1.860,4.57M
2018-09-12 13:33:48,0687.HK,1.800,1.890,1.780,1.860,4.57M
2018-09-12 13:34:24,0687.HK,1.800,1.890,1.780,1.860,4.57M
2018-09-12 13:34:38,0687.HK,1.800,1.890,1.780,1.860,4.57M
2018-09-12 13:34:56,0687.HK,1.800,1.890,1.780,1.860,4.60M
2018-09-12 13:35:18,0687.HK,1.800,1.890,1.780,1.860,4.65M
2018-09-12 13:35:37,0687.HK,1.800,1.890,1.780,1.860,4.65M
2018-09-12 13:36:01,0687.HK,1.800,1.890,1.780,1.860,4.65M
2018-09-12 13:36:36,0687.HK,1.800,1.890,1.780,1.860,4.65M
2018-09-12 13:36:54,0687.HK,1.800,1.890,1.780,1.860,4.65M
2018-09-12 13:37:13,0687.HK,1.800,1.890,1.780,1.860,4.65M
2018-09-12 13:37:30,0687.HK,1.800,1.890,1.780,1.860,4.65M
2018-09-12 13:37:46,0687.HK,1.800,1.890,1.780,1.860,4.65M
2018-09-12 13:38:22,0687.HK,1.800,1.890,1.780,1.860,4.65M
2018-09-12 13:38:39,0687.HK,1.800,1.890,1.780,1.860,4.65M
2018-09-12 13:38:54,0687.HK,1.800,1.890,1.780,1.860,4.65M
2018-09-12 13:39:13,0687.HK,1.800,1.890,1.780,1.860,4.65M
2018-09-12 13:39:34,0687.HK,1.800,1.890,1.780,1.860,4.65M
2018-09-12 13:39:54,0687.HK,1.800,1.890,1.780,1.860,4.68M
2018-09-12 13:40:20,0687.HK,1.800,1.890,1.780,1.850,4.69M
2018-09-12 13:40:39,0687.HK,1.800,1.890,1.780,1.850,4.69M
2018-09-12 13:40:56,0687.HK,1.800,1.890,1.780,1.850,4.69M
2018-09-12 13:41:19,0687.HK,1.800,1.890,1.780,1.850,4.69M
2018-09-12 13:41:38,0687.HK,1.800,1.890,1.780,1.850,4.69M
2018-09-12 13:42:00,0687.HK,1.800,1.890,1.780,1.850,4.69M
2018-09-12 13:42:25,0687.HK,1.800,1.890,1.780,1.850,4.69M
2018-09-12 13:42:45,0687.HK,1.800,1.890,1.780,1.850,4.69M
2018-09-12 13:43:19,0687.HK,1.800,1.890,1.780,1.850,4.69M
2018-09-12 13:43:33,0687.HK,1.800,1.890,1.780,1.850,4.69M
2018-09-12 13:43:54,0687.HK,1.800,1.890,1.780,1.850,4.69M
2018-09-12 13:44:31,0687.HK,1.800,1.890,1.780,1.850,4.69M
2018-09-12 13:44:49,0687.HK,1.800,1.890,1.780,1.850,4.69M
2018-09-12 13:45:05,0687.HK,1.800,1.890,1.780,1.850,4.69M
2018-09-12 13:45:22,0687.HK,1.800,1.890,1.780,1.850,4.69M
2018-09-12 13:45:38,0687.HK,1.800,1.890,1.780,1.850,4.69M
2018-09-12 13:46:01,0687.HK,1.800,1.890,1.780,1.850,4.69M
2018-09-12 13:46:25,0687.HK,1.800,1.890,1.780,1.850,4.69M
2018-09-12 13:46:40,0687.HK,1.800,1.890,1.780,1.850,4.69M
2018-09-12 13:46:57,0687.HK,1.800,1.890,1.780,1.850,4.69M
2018-09-12 13:47:17,0687.HK,1.800,1.890,1.780,1.850,4.69M
2018-09-12 13:47:42,0687.HK,1.800,1.890,1.780,1.850,4.69M
2018-09-12 13:48:24,0687.HK,1.800,1.890,1.780,1.850,4.69M
2018-09-12 13:48:47,0687.HK,1.800,1.890,1.780,1.850,4.69M
2018-09-12 13:49:02,0687.HK,1.800,1.890,1.780,1.850,4.69M
2018-09-12 13:49:22,0687.HK,1.800,1.890,1.780,1.850,4.69M
2018-09-12 13:49:41,0687.HK,1.800,1.890,1.780,1.850,4.69M
2018-09-12 13:49:59,0687.HK,1.800,1.890,1.780,1.850,4.69M
2018-09-12 13:50:41,0687.HK,1.800,1.890,1.780,1.850,4.69M
2018-09-12 13:51:08,0687.HK,1.800,1.890,1.780,1.850,4.69M
2018-09-12 13:51:34,0687.HK,1.800,1.890,1.780,1.850,4.69M
2018-09-12 13:51:59,0687.HK,1.800,1.890,1.780,1.850,4.69M
2018-09-12 13:52:39,0687.HK,1.800,1.890,1.780,1.850,4.69M
2018-09-12 13:52:54,0687.HK,1.800,1.890,1.780,1.850,4.69M
2018-09-12 13:53:28,0687.HK,1.800,1.890,1.780,1.850,4.69M
2018-09-12 13:53:48,0687.HK,1.800,1.890,1.780,1.850,4.69M
2018-09-12 13:54:23,0687.HK,1.800,1.890,1.780,1.850,4.69M
2018-09-12 13:54:44,0687.HK,1.800,1.890,1.780,1.850,4.69M
2018-09-12 13:55:01,0687.HK,1.800,1.890,1.780,1.850,4.70M
2018-09-12 13:55:23,0687.HK,1.800,1.890,1.780,1.850,4.70M
2018-09-12 13:55:38,0687.HK,1.800,1.890,1.780,1.850,4.70M
2018-09-12 13:56:13,0687.HK,1.800,1.890,1.780,1.850,4.71M
2018-09-12 13:56:41,0687.HK,1.800,1.890,1.780,1.850,4.71M
2018-09-12 13:56:57,0687.HK,1.800,1.890,1.780,1.850,4.71M
2018-09-12 13:57:23,0687.HK,1.800,1.890,1.780,1.850,4.71M
2018-09-12 13:57:49,0687.HK,1.800,1.890,1.780,1.860,4.72M
2018-09-12 13:58:29,0687.HK,1.800,1.890,1.780,1.860,4.72M
2018-09-12 13:58:50,0687.HK,1.800,1.890,1.780,1.860,4.72M
2018-09-12 13:59:03,0687.HK,1.800,1.890,1.780,1.860,4.72M
2018-09-12 13:59:25,0687.HK,1.800,1.890,1.780,1.860,4.72M
2018-09-12 13:59:47,0687.HK,1.800,1.890,1.780,1.860,4.72M
2018-09-12 14:00:26,0687.HK,1.800,1.890,1.780,1.860,4.72M
2018-09-12 14:00:43,0687.HK,1.800,1.890,1.780,1.860,4.72M
2018-09-12 14:00:57,0687.HK,1.800,1.890,1.780,1.860,4.72M
2018-09-12 14:01:21,0687.HK,1.800,1.890,1.780,1.850,4.72M
2018-09-12 14:01:46,0687.HK,1.800,1.890,1.780,1.850,4.80M
2018-09-12 14:02:07,0687.HK,1.800,1.890,1.780,1.850,4.80M
2018-09-12 14:02:39,0687.HK,1.800,1.890,1.780,1.850,4.83M
2018-09-12 14:02:55,0687.HK,1.800,1.890,1.780,1.850,4.83M
2018-09-12 14:03:27,0687.HK,1.800,1.890,1.780,1.850,4.83M
2018-09-12 14:03:43,0687.HK,1.800,1.890,1.780,1.850,4.83M
2018-09-12 14:04:27,0687.HK,1.800,1.890,1.780,1.850,4.86M
2018-09-12 14:04:47,0687.HK,1.800,1.890,1.780,1.850,4.88M
2018-09-12 14:05:03,0687.HK,1.800,1.890,1.780,1.850,4.90M
2018-09-12 14:05:30,0687.HK,1.800,1.890,1.780,1.850,4.91M
2018-09-12 14:05:50,0687.HK,1.800,1.890,1.780,1.850,4.91M
2018-09-12 14:06:33,0687.HK,1.800,1.890,1.780,1.850,4.92M
2018-09-12 14:07:16,0687.HK,1.800,1.890,1.780,1.850,4.92M
2018-09-12 14:07:35,0687.HK,1.800,1.890,1.780,1.850,4.92M
2018-09-12 14:07:54,0687.HK,1.800,1.890,1.780,1.850,4.92M
2018-09-12 14:08:27,0687.HK,1.800,1.890,1.780,1.850,4.92M
2018-09-12 14:09:24,0687.HK,1.800,1.890,1.780,1.850,4.92M
2018-09-12 14:09:46,0687.HK,1.800,1.890,1.780,1.850,4.92M
2018-09-12 14:11:34,0687.HK,1.800,1.890,1.780,1.850,4.92M
2018-09-12 14:11:50,0687.HK,1.800,1.890,1.780,1.850,4.92M
2018-09-12 14:12:16,0687.HK,1.800,1.890,1.780,1.850,4.92M
2018-09-12 14:12:38,0687.HK,1.800,1.890,1.780,1.850,4.92M
2018-09-12 14:13:01,0687.HK,1.800,1.890,1.780,1.850,4.92M
2018-09-12 14:13:26,0687.HK,1.800,1.890,1.780,1.850,4.92M
2018-09-12 14:13:40,0687.HK,1.800,1.890,1.780,1.850,4.92M
2018-09-12 14:13:57,0687.HK,1.800,1.890,1.780,1.850,4.92M
2018-09-12 14:14:22,0687.HK,1.800,1.890,1.780,1.840,4.99M
2018-09-12 14:14:42,0687.HK,1.800,1.890,1.780,1.840,4.99M
2018-09-12 14:14:57,0687.HK,1.800,1.890,1.780,1.840,4.99M
2018-09-12 14:15:22,0687.HK,1.800,1.890,1.780,1.840,4.99M
2018-09-12 14:15:36,0687.HK,1.800,1.890,1.780,1.840,4.99M
2018-09-12 14:15:57,0687.HK,1.800,1.890,1.780,1.840,4.99M
2018-09-12 14:16:23,0687.HK,1.800,1.890,1.780,1.840,4.99M
2018-09-12 14:16:38,0687.HK,1.800,1.890,1.780,1.840,5.00M
2018-09-12 14:16:53,0687.HK,1.800,1.890,1.780,1.840,5.02M
2018-09-12 14:17:11,0687.HK,1.800,1.890,1.780,1.840,5.02M
2018-09-12 14:17:27,0687.HK,1.800,1.890,1.780,1.840,5.02M
2018-09-12 14:17:44,0687.HK,1.800,1.890,1.780,1.840,5.02M
2018-09-12 14:18:00,0687.HK,1.800,1.890,1.780,1.840,5.02M
2018-09-12 14:18:25,0687.HK,1.800,1.890,1.780,1.840,5.02M
2018-09-12 14:18:43,0687.HK,1.800,1.890,1.780,1.840,5.02M
2018-09-12 14:18:59,0687.HK,1.800,1.890,1.780,1.840,5.04M
2018-09-12 14:19:24,0687.HK,1.800,1.890,1.780,1.840,5.04M
2018-09-12 14:19:42,0687.HK,1.800,1.890,1.780,1.840,5.04M
2018-09-12 14:20:05,0687.HK,1.800,1.890,1.780,1.840,5.04M
2018-09-12 14:20:37,0687.HK,1.800,1.890,1.780,1.840,5.04M
2018-09-12 14:21:01,0687.HK,1.800,1.890,1.780,1.840,5.04M
2018-09-12 14:21:29,0687.HK,1.800,1.890,1.780,1.840,5.04M
2018-09-12 14:21:51,0687.HK,1.800,1.890,1.780,1.840,5.04M
2018-09-12 14:22:25,0687.HK,1.800,1.890,1.780,1.840,5.04M
2018-09-12 14:22:48,0687.HK,1.800,1.890,1.780,1.840,5.05M
2018-09-12 14:23:18,0687.HK,1.800,1.890,1.780,1.840,5.05M
2018-09-12 14:23:49,0687.HK,1.800,1.890,1.780,1.840,5.05M
2018-09-12 14:24:24,0687.HK,1.800,1.890,1.780,1.840,5.05M
2018-09-12 14:24:47,0687.HK,1.800,1.890,1.780,1.840,5.05M
2018-09-12 14:25:06,0687.HK,1.800,1.890,1.780,1.840,5.05M
2018-09-12 14:25:38,0687.HK,1.800,1.890,1.780,1.840,5.05M
2018-09-12 14:26:07,0687.HK,1.800,1.890,1.780,1.840,5.05M
2018-09-12 14:26:46,0687.HK,1.800,1.890,1.780,1.840,5.05M
2018-09-12 14:27:04,0687.HK,1.800,1.890,1.780,1.840,5.05M
2018-09-12 14:27:33,0687.HK,1.800,1.890,1.780,1.840,5.05M
2018-09-12 14:27:55,0687.HK,1.800,1.890,1.780,1.830,5.25M
2018-09-12 14:28:35,0687.HK,1.800,1.890,1.780,1.840,5.28M
2018-09-12 14:28:50,0687.HK,1.800,1.890,1.780,1.840,5.28M
2018-09-12 14:29:05,0687.HK,1.800,1.890,1.780,1.840,5.28M
2018-09-12 14:29:30,0687.HK,1.800,1.890,1.780,1.820,5.30M
2018-09-12 14:29:56,0687.HK,1.800,1.890,1.780,1.820,5.30M
2018-09-12 14:30:44,0687.HK,1.800,1.890,1.780,1.820,5.30M
2018-09-12 14:31:02,0687.HK,1.800,1.890,1.780,1.820,5.30M
2018-09-12 14:31:38,0687.HK,1.800,1.890,1.780,1.820,5.30M
2018-09-12 14:32:12,0687.HK,1.800,1.890,1.780,1.820,5.30M
2018-09-12 14:32:38,0687.HK,1.800,1.890,1.780,1.820,5.30M
2018-09-12 14:32:52,0687.HK,1.800,1.890,1.780,1.820,5.30M
2018-09-12 14:33:06,0687.HK,1.800,1.890,1.780,1.820,5.30M
2018-09-12 14:33:37,0687.HK,1.800,1.890,1.780,1.820,5.30M
2018-09-12 14:33:59,0687.HK,1.800,1.890,1.780,1.820,5.30M
2018-09-12 14:34:33,0687.HK,1.800,1.890,1.780,1.820,5.30M
2018-09-12 14:34:51,0687.HK,1.800,1.890,1.780,1.820,5.30M
2018-09-12 14:35:13,0687.HK,1.800,1.890,1.780,1.820,5.30M
2018-09-12 14:36:18,0687.HK,1.800,1.890,1.780,1.820,5.30M
2018-09-12 14:36:40,0687.HK,1.800,1.890,1.780,1.820,5.30M
2018-09-12 14:36:56,0687.HK,1.800,1.890,1.780,1.820,5.30M
2018-09-12 14:37:14,0687.HK,1.800,1.890,1.780,1.820,5.30M
2018-09-12 14:37:42,0687.HK,1.800,1.890,1.780,1.820,5.30M
2018-09-12 14:38:12,0687.HK,1.800,1.890,1.780,1.820,5.30M
2018-09-12 14:38:30,0687.HK,1.800,1.890,1.780,1.820,5.30M
2018-09-12 14:38:44,0687.HK,1.800,1.890,1.780,1.820,5.30M
2018-09-12 14:39:00,0687.HK,1.800,1.890,1.780,1.820,5.30M
2018-09-12 14:39:17,0687.HK,1.800,1.890,1.780,1.820,5.30M
2018-09-12 14:39:31,0687.HK,1.800,1.890,1.780,1.820,5.30M
2018-09-12 14:39:47,0687.HK,1.800,1.890,1.780,1.820,5.30M
2018-09-12 14:40:13,0687.HK,1.800,1.890,1.780,1.820,5.30M
2018-09-12 14:40:40,0687.HK,1.800,1.890,1.780,1.820,5.30M
2018-09-12 14:40:55,0687.HK,1.800,1.890,1.780,1.820,5.30M
2018-09-12 14:41:13,0687.HK,1.800,1.890,1.780,1.820,5.30M
2018-09-12 14:41:37,0687.HK,1.800,1.890,1.780,1.820,5.30M
2018-09-12 14:42:14,0687.HK,1.800,1.890,1.780,1.820,5.30M
2018-09-12 14:42:37,0687.HK,1.800,1.890,1.780,1.820,5.30M
2018-09-12 14:42:53,0687.HK,1.800,1.890,1.780,1.820,5.30M
2018-09-12 14:43:08,0687.HK,1.800,1.890,1.780,1.820,5.30M
2018-09-12 14:43:37,0687.HK,1.800,1.890,1.780,1.820,5.30M
2018-09-12 14:43:57,0687.HK,1.800,1.890,1.780,1.820,5.30M
2018-09-12 14:44:32,0687.HK,1.800,1.890,1.780,1.830,5.30M
2018-09-12 14:44:47,0687.HK,1.800,1.890,1.780,1.830,5.30M
2018-09-12 14:45:04,0687.HK,1.800,1.890,1.780,1.830,5.30M
2018-09-12 14:45:28,0687.HK,1.800,1.890,1.780,1.830,5.30M
2018-09-12 14:45:42,0687.HK,1.800,1.890,1.780,1.830,5.30M
2018-09-12 14:46:09,0687.HK,1.800,1.890,1.780,1.830,5.30M
2018-09-12 14:46:46,0687.HK,1.800,1.890,1.780,1.830,5.30M
2018-09-12 14:47:08,0687.HK,1.800,1.890,1.780,1.830,5.30M
2018-09-12 14:48:55,0687.HK,1.800,1.890,1.780,1.830,5.30M
2018-09-12 14:49:37,0687.HK,1.800,1.890,1.780,1.830,5.30M
2018-09-12 14:50:21,0687.HK,1.800,1.890,1.780,1.830,5.30M
2018-09-12 14:50:52,0687.HK,1.800,1.890,1.780,1.830,5.30M
2018-09-12 14:51:16,0687.HK,1.800,1.890,1.780,1.830,5.30M
2018-09-12 14:51:37,0687.HK,1.800,1.890,1.780,1.830,5.30M
2018-09-12 14:51:53,0687.HK,1.800,1.890,1.780,1.830,5.30M
2018-09-12 14:52:28,0687.HK,1.800,1.890,1.780,1.830,5.32M
2018-09-12 14:52:42,0687.HK,1.800,1.890,1.780,1.830,5.32M
2018-09-12 14:52:56,0687.HK,1.800,1.890,1.780,1.830,5.32M
2018-09-12 14:53:20,0687.HK,1.800,1.890,1.780,1.830,5.32M
2018-09-12 14:53:40,0687.HK,1.800,1.890,1.780,1.830,5.32M
2018-09-12 14:54:14,0687.HK,1.800,1.890,1.780,1.830,5.32M
2018-09-12 14:54:31,0687.HK,1.800,1.890,1.780,1.830,5.32M
2018-09-12 14:54:49,0687.HK,1.800,1.890,1.780,1.830,5.32M
2018-09-12 14:55:12,0687.HK,1.800,1.890,1.780,1.830,5.32M
2018-09-12 14:55:29,0687.HK,1.800,1.890,1.780,1.830,5.32M
2018-09-12 14:55:43,0687.HK,1.800,1.890,1.780,1.830,5.32M
2018-09-12 14:55:58,0687.HK,1.800,1.890,1.780,1.830,5.32M
2018-09-12 14:56:25,0687.HK,1.800,1.890,1.780,1.830,5.32M
2018-09-12 14:56:44,0687.HK,1.800,1.890,1.780,1.830,5.32M
2018-09-12 14:57:01,0687.HK,1.800,1.890,1.780,1.830,5.32M
2018-09-12 14:57:25,0687.HK,1.800,1.890,1.780,1.830,5.32M
2018-09-12 14:57:39,0687.HK,1.800,1.890,1.780,1.830,5.32M
2018-09-12 14:58:15,0687.HK,1.800,1.890,1.780,1.830,5.32M
2018-09-12 14:58:38,0687.HK,1.800,1.890,1.780,1.830,5.32M
2018-09-12 14:58:56,0687.HK,1.800,1.890,1.780,1.830,5.32M
2018-09-12 14:59:18,0687.HK,1.800,1.890,1.780,1.830,5.32M
2018-09-12 14:59:32,0687.HK,1.800,1.890,1.780,1.830,5.32M
2018-09-12 14:59:59,0687.HK,1.800,1.890,1.780,1.830,5.32M
2018-09-12 15:02:41,0687.HK,1.800,1.890,1.780,1.860,5.76M
2018-09-12 15:02:58,0687.HK,1.800,1.890,1.780,1.860,5.76M
2018-09-12 15:03:29,0687.HK,1.800,1.890,1.780,1.860,5.77M
2018-09-12 15:03:50,0687.HK,1.800,1.890,1.780,1.860,5.81M
2018-09-12 15:04:25,0687.HK,1.800,1.890,1.780,1.860,5.81M
2018-09-12 15:04:45,0687.HK,1.800,1.890,1.780,1.860,5.81M
2018-09-12 15:05:00,0687.HK,1.800,1.890,1.780,1.870,5.81M
2018-09-12 15:05:23,0687.HK,1.800,1.890,1.780,1.870,5.82M
2018-09-12 15:05:36,0687.HK,1.800,1.890,1.780,1.870,5.82M
2018-09-12 15:05:54,0687.HK,1.800,1.890,1.780,1.870,5.82M
2018-09-12 15:06:38,0687.HK,1.800,1.890,1.780,1.870,5.82M
2018-09-12 15:07:27,0687.HK,1.800,1.890,1.780,1.870,5.82M
2018-09-12 15:07:43,0687.HK,1.800,1.890,1.780,1.870,5.82M
2018-09-12 15:08:03,0687.HK,1.800,1.890,1.780,1.870,5.82M
2018-09-12 15:08:37,0687.HK,1.800,1.890,1.780,1.870,5.82M
2018-09-12 15:08:54,0687.HK,1.800,1.890,1.780,1.870,5.83M
2018-09-12 15:09:13,0687.HK,1.800,1.890,1.780,1.870,5.83M
2018-09-12 15:09:31,0687.HK,1.800,1.890,1.780,1.870,5.83M
2018-09-12 15:09:50,0687.HK,1.800,1.890,1.780,1.880,6.05M
2018-09-12 15:10:32,0687.HK,1.800,1.890,1.780,1.890,6.24M
2018-09-12 15:10:53,0687.HK,1.800,1.900,1.780,1.890,6.32M
2018-09-12 15:11:24,0687.HK,1.800,1.900,1.780,1.900,6.35M
2018-09-12 15:11:51,0687.HK,1.800,1.900,1.780,1.900,6.35M
2018-09-12 15:12:23,0687.HK,1.800,1.910,1.780,1.900,6.62M
2018-09-12 15:12:39,0687.HK,1.800,1.910,1.780,1.900,6.65M
2018-09-12 15:12:57,0687.HK,1.800,1.910,1.780,1.900,6.65M
2018-09-12 15:13:16,0687.HK,1.800,1.910,1.780,1.900,6.65M
2018-09-12 15:13:37,0687.HK,1.800,1.910,1.780,1.900,6.65M
2018-09-12 15:13:57,0687.HK,1.800,1.910,1.780,1.900,6.65M
2018-09-12 15:14:35,0687.HK,1.800,1.910,1.780,1.900,6.65M
2018-09-12 15:15:16,0687.HK,1.800,1.910,1.780,1.900,6.66M
2018-09-12 15:15:35,0687.HK,1.800,1.910,1.780,1.900,6.66M
2018-09-12 15:15:54,0687.HK,1.800,1.910,1.780,1.900,6.66M
2018-09-12 15:16:29,0687.HK,1.800,1.910,1.780,1.880,6.68M
2018-09-12 15:16:47,0687.HK,1.800,1.910,1.780,1.880,6.68M
2018-09-12 15:17:01,0687.HK,1.800,1.910,1.780,1.880,6.68M
2018-09-12 15:17:18,0687.HK,1.800,1.910,1.780,1.880,6.68M
2018-09-12 15:17:37,0687.HK,1.800,1.910,1.780,1.880,6.68M
2018-09-12 15:18:05,0687.HK,1.800,1.910,1.780,1.880,6.68M
2018-09-12 15:18:36,0687.HK,1.800,1.910,1.780,1.880,6.68M
2018-09-12 15:18:51,0687.HK,1.800,1.910,1.780,1.880,6.69M
2018-09-12 15:19:19,0687.HK,1.800,1.910,1.780,1.880,6.69M
2018-09-12 15:19:33,0687.HK,1.800,1.910,1.780,1.880,6.69M
2018-09-12 15:19:54,0687.HK,1.800,1.910,1.780,1.880,6.69M
2018-09-12 15:20:36,0687.HK,1.800,1.910,1.780,1.880,6.74M
2018-09-12 15:21:01,0687.HK,1.800,1.910,1.780,1.880,6.74M
2018-09-12 15:21:35,0687.HK,1.800,1.910,1.780,1.880,6.74M
2018-09-12 15:22:19,0687.HK,1.800,1.910,1.780,1.880,6.74M
2018-09-12 15:22:43,0687.HK,1.800,1.910,1.780,1.870,6.74M
2018-09-12 15:22:58,0687.HK,1.800,1.910,1.780,1.870,6.74M
2018-09-12 15:23:32,0687.HK,1.800,1.910,1.780,1.870,6.74M
2018-09-12 15:23:48,0687.HK,1.800,1.910,1.780,1.870,6.74M
2018-09-12 15:24:31,0687.HK,1.800,1.910,1.780,1.870,6.74M
2018-09-12 15:24:46,0687.HK,1.800,1.910,1.780,1.870,6.74M
2018-09-12 15:25:04,0687.HK,1.800,1.910,1.780,1.870,6.74M
2018-09-12 15:25:31,0687.HK,1.800,1.910,1.780,1.870,6.74M
2018-09-12 15:26:38,0687.HK,1.800,1.910,1.780,1.870,6.74M
2018-09-12 15:26:54,0687.HK,1.800,1.910,1.780,1.870,6.75M
2018-09-12 15:27:20,0687.HK,1.800,1.910,1.780,1.870,6.75M
2018-09-12 15:27:39,0687.HK,1.800,1.910,1.780,1.870,6.75M
2018-09-12 15:27:56,0687.HK,1.800,1.910,1.780,1.870,6.75M
2018-09-12 15:28:31,0687.HK,1.800,1.910,1.780,1.870,6.75M
2018-09-12 15:28:52,0687.HK,1.800,1.910,1.780,1.870,6.75M
2018-09-12 15:29:18,0687.HK,1.800,1.910,1.780,1.870,6.75M
2018-09-12 15:29:38,0687.HK,1.800,1.910,1.780,1.870,6.75M
2018-09-12 15:29:58,0687.HK,1.800,1.910,1.780,1.870,6.75M
2018-09-12 15:30:36,0687.HK,1.800,1.910,1.780,1.870,6.76M
2018-09-12 15:30:56,0687.HK,1.800,1.910,1.780,1.870,6.76M
2018-09-12 15:31:10,0687.HK,1.800,1.910,1.780,1.870,6.76M
2018-09-12 15:31:25,0687.HK,1.800,1.910,1.780,1.870,6.76M
2018-09-12 15:31:46,0687.HK,1.800,1.910,1.780,1.850,6.77M
2018-09-12 15:32:16,0687.HK,1.800,1.910,1.780,1.850,6.77M
2018-09-12 15:32:51,0687.HK,1.800,1.910,1.780,1.850,6.77M
2018-09-12 15:33:05,0687.HK,1.800,1.910,1.780,1.850,6.77M
2018-09-12 15:33:30,0687.HK,1.800,1.910,1.780,1.850,6.77M
2018-09-12 15:33:51,0687.HK,1.800,1.910,1.780,1.850,6.77M
2018-09-12 15:34:28,0687.HK,1.800,1.910,1.780,1.850,6.78M
2018-09-12 15:34:53,0687.HK,1.800,1.910,1.780,1.850,6.78M
2018-09-12 15:35:07,0687.HK,1.800,1.910,1.780,1.850,6.78M
2018-09-12 15:35:33,0687.HK,1.800,1.910,1.780,1.850,6.78M
2018-09-12 15:35:51,0687.HK,1.800,1.910,1.780,1.850,6.78M
2018-09-12 15:36:13,0687.HK,1.800,1.910,1.780,1.850,6.78M
2018-09-12 15:36:28,0687.HK,1.800,1.910,1.780,1.850,6.78M
2018-09-12 15:36:42,0687.HK,1.800,1.910,1.780,1.850,6.78M
2018-09-12 15:36:56,0687.HK,1.800,1.910,1.780,1.850,6.78M
2018-09-12 15:37:10,0687.HK,1.800,1.910,1.780,1.860,6.79M
2018-09-12 15:37:24,0687.HK,1.800,1.910,1.780,1.860,6.79M
2018-09-12 15:37:39,0687.HK,1.800,1.910,1.780,1.860,6.79M
2018-09-12 15:37:56,0687.HK,1.800,1.910,1.780,1.860,6.79M
2018-09-12 15:38:16,0687.HK,1.800,1.910,1.780,1.860,6.79M
2018-09-12 15:38:33,0687.HK,1.800,1.910,1.780,1.860,6.79M
2018-09-12 15:38:48,0687.HK,1.800,1.910,1.780,1.860,6.79M
2018-09-12 15:39:05,0687.HK,1.800,1.910,1.780,1.860,6.79M
2018-09-12 15:39:59,0687.HK,1.800,1.910,1.780,1.860,6.79M
2018-09-12 15:40:31,0687.HK,1.800,1.910,1.780,1.860,6.79M
2018-09-12 15:40:45,0687.HK,1.800,1.910,1.780,1.860,6.79M
2018-09-12 15:41:02,0687.HK,1.800,1.910,1.780,1.860,6.79M
2018-09-12 15:41:28,0687.HK,1.800,1.910,1.780,1.860,6.79M
2018-09-12 15:43:10,0687.HK,1.800,1.910,1.780,1.860,6.79M
2018-09-12 15:43:37,0687.HK,1.800,1.910,1.780,1.870,6.81M
2018-09-12 15:43:59,0687.HK,1.800,1.910,1.780,1.870,6.81M
2018-09-12 15:44:30,0687.HK,1.800,1.910,1.780,1.870,6.81M
2018-09-12 15:44:51,0687.HK,1.800,1.910,1.780,1.870,6.81M
2018-09-12 15:45:16,0687.HK,1.800,1.910,1.780,1.870,6.82M
2018-09-12 15:45:32,0687.HK,1.800,1.910,1.780,1.870,6.82M
2018-09-12 15:45:52,0687.HK,1.800,1.910,1.780,1.870,6.82M
2018-09-12 15:46:35,0687.HK,1.800,1.910,1.780,1.870,6.82M
2018-09-12 15:46:57,0687.HK,1.800,1.910,1.780,1.870,6.82M
2018-09-12 15:47:26,0687.HK,1.800,1.910,1.780,1.870,6.82M
2018-09-12 15:47:46,0687.HK,1.800,1.910,1.780,1.870,6.82M
2018-09-12 15:48:05,0687.HK,1.800,1.910,1.780,1.870,6.82M
2018-09-12 15:48:37,0687.HK,1.800,1.910,1.780,1.870,6.82M
2018-09-12 15:48:55,0687.HK,1.800,1.910,1.780,1.870,6.82M
2018-09-12 15:49:44,0687.HK,1.800,1.910,1.780,1.870,6.82M
2018-09-12 15:50:12,0687.HK,1.800,1.910,1.780,1.870,6.82M
2018-09-12 15:50:36,0687.HK,1.800,1.910,1.780,1.870,6.82M
2018-09-12 15:50:52,0687.HK,1.800,1.910,1.780,1.870,6.82M
2018-09-12 15:51:11,0687.HK,1.800,1.910,1.780,1.870,6.82M
2018-09-12 15:51:27,0687.HK,1.800,1.910,1.780,1.870,6.82M
2018-09-12 15:51:42,0687.HK,1.800,1.910,1.780,1.880,6.84M
2018-09-12 15:52:10,0687.HK,1.800,1.910,1.780,1.880,6.84M
2018-09-12 15:52:28,0687.HK,1.800,1.910,1.780,1.880,6.84M
2018-09-12 15:52:43,0687.HK,1.800,1.910,1.780,1.880,6.84M
2018-09-12 15:53:00,0687.HK,1.800,1.910,1.780,1.880,6.84M
2018-09-12 15:53:19,0687.HK,1.800,1.910,1.780,1.880,6.84M
2018-09-12 15:53:34,0687.HK,1.800,1.910,1.780,1.880,6.84M
2018-09-12 15:53:52,0687.HK,1.800,1.910,1.780,1.870,6.84M
2018-09-12 15:54:26,0687.HK,1.800,1.910,1.780,1.870,6.84M
2018-09-12 15:54:54,0687.HK,1.800,1.910,1.780,1.870,6.84M
2018-09-12 15:55:22,0687.HK,1.800,1.910,1.780,1.870,6.84M
2018-09-12 15:55:37,0687.HK,1.800,1.910,1.780,1.870,6.84M
2018-09-12 15:56:02,0687.HK,1.800,1.910,1.780,1.870,6.84M
2018-09-12 15:56:39,0687.HK,1.800,1.910,1.780,1.870,6.84M
2018-09-12 15:56:58,0687.HK,1.800,1.910,1.780,1.870,6.84M
2018-09-12 15:57:22,0687.HK,1.800,1.910,1.780,1.870,6.86M
2018-09-12 15:57:36,0687.HK,1.800,1.910,1.780,1.870,6.86M
2018-09-12 15:57:52,0687.HK,1.800,1.910,1.780,1.870,6.86M
2018-09-12 15:58:30,0687.HK,1.800,1.910,1.780,1.870,6.86M
2018-09-12 15:58:52,0687.HK,1.800,1.910,1.780,1.870,6.87M
2018-09-12 15:59:14,0687.HK,1.800,1.910,1.780,1.870,6.89M
2018-09-12 15:59:37,0687.HK,1.800,1.910,1.780,1.880,6.89M
2018-09-12 16:00:00,0687.HK,1.800,1.910,1.780,1.870,6.91M
2018-09-12 16:00:42,0687.HK,1.800,1.910,1.780,1.880,6.91M
2018-09-12 16:01:06,0687.HK,1.800,1.910,1.780,1.880,6.91M
2018-09-12 16:01:31,0687.HK,1.800,1.910,1.780,1.880,6.91M
2018-09-12 16:01:55,0687.HK,1.800,1.910,1.780,1.880,6.91M
2018-09-12 16:02:32,0687.HK,1.800,1.910,1.780,1.880,6.91M
2018-09-12 16:02:49,0687.HK,1.800,1.910,1.780,1.880,6.91M
2018-09-12 16:03:06,0687.HK,1.800,1.910,1.780,1.880,6.91M
2018-09-12 16:03:40,0687.HK,1.800,1.910,1.780,1.880,6.91M
2018-09-12 16:03:55,0687.HK,1.800,1.910,1.780,1.880,6.91M
2018-09-12 16:04:45,0687.HK,1.800,1.910,1.780,1.880,6.91M
2018-09-12 16:05:00,0687.HK,1.800,1.910,1.780,1.880,6.91M
2018-09-12 16:05:25,0687.HK,1.800,1.910,1.780,1.880,6.91M
2018-09-12 16:06:10,0687.HK,1.800,1.910,1.780,1.880,6.91M
2018-09-12 16:06:38,0687.HK,1.800,1.910,1.780,1.880,6.91M
2018-09-12 16:06:54,0687.HK,1.800,1.910,1.780,1.880,6.91M
2018-09-12 16:07:15,0687.HK,1.800,1.910,1.780,1.880,6.91M
2018-09-12 16:07:30,0687.HK,1.800,1.910,1.780,1.880,6.91M
2018-09-12 16:07:45,0687.HK,1.800,1.910,1.780,1.880,6.91M
2018-09-12 16:08:08,0687.HK,1.800,1.910,1.780,1.880,6.91M
2018-09-12 16:08:31,0687.HK,1.800,1.910,1.780,1.880,6.91M
2018-09-12 16:08:47,0687.HK,1.800,1.910,1.780,1.880,6.91M
2018-09-12 16:09:05,0687.HK,1.800,1.910,1.780,1.880,6.91M
2018-09-12 16:09:20,0687.HK,1.800,1.910,1.780,1.880,6.91M
2018-09-12 16:09:38,0687.HK,1.800,1.910,1.780,1.880,6.91M
2018-09-12 16:09:53,0687.HK,1.800,1.910,1.780,1.880,6.91M
2018-09-12 16:10:19,0687.HK,1.800,1.910,1.780,1.880,6.91M
2018-09-12 16:10:34,0687.HK,1.800,1.910,1.780,1.880,6.91M
2018-09-12 16:10:54,0687.HK,1.800,1.910,1.780,1.880,6.91M
2018-09-12 16:11:07,0687.HK,1.800,1.910,1.780,1.880,6.91M
2018-09-12 16:11:30,0687.HK,1.800,1.910,1.780,1.880,6.91M
2018-09-12 16:11:46,0687.HK,1.800,1.910,1.780,1.880,6.91M
2018-09-12 16:12:07,0687.HK,1.800,1.910,1.780,1.880,6.91M
2018-09-12 16:12:29,0687.HK,1.800,1.910,1.780,1.880,6.91M
2018-09-12 16:12:44,0687.HK,1.800,1.910,1.780,1.880,6.91M
2018-09-12 16:13:02,0687.HK,1.800,1.910,1.780,1.880,6.91M
2018-09-12 16:13:22,0687.HK,1.800,1.910,1.780,1.880,6.91M
2018-09-12 16:13:36,0687.HK,1.800,1.910,1.780,1.880,6.91M
2018-09-12 16:13:55,0687.HK,1.800,1.910,1.780,1.880,6.91M
2018-09-12 16:14:29,0687.HK,1.800,1.910,1.780,1.880,6.91M
2018-09-12 16:14:45,0687.HK,1.800,1.910,1.780,1.880,6.91M
2018-09-12 16:15:02,0687.HK,1.800,1.910,1.780,1.880,6.91M
2018-09-12 16:15:32,0687.HK,1.800,1.910,1.780,1.880,6.91M
2018-09-12 16:15:57,0687.HK,1.800,1.910,1.780,1.880,6.91M
2018-09-12 16:16:30,0687.HK,1.800,1.910,1.780,1.880,6.91M
2018-09-12 16:16:44,0687.HK,1.800,1.910,1.780,1.880,6.91M
2018-09-12 16:16:59,0687.HK,1.800,1.910,1.780,1.880,6.91M
2018-09-12 16:17:15,0687.HK,1.800,1.910,1.780,1.880,6.91M
2018-09-12 16:17:31,0687.HK,1.800,1.910,1.780,1.880,6.91M
2018-09-12 16:17:48,0687.HK,1.800,1.910,1.780,1.880,6.91M
2018-09-12 16:18:27,0687.HK,1.800,1.910,1.780,1.880,6.91M
2018-09-12 16:18:45,0687.HK,1.800,1.910,1.780,1.880,6.91M
2018-09-12 16:19:02,0687.HK,1.800,1.910,1.780,1.880,6.91M
2018-09-12 16:19:23,0687.HK,1.800,1.910,1.780,1.880,6.91M
2018-09-12 16:19:41,0687.HK,1.800,1.910,1.780,1.880,6.91M
2018-09-12 16:20:03,0687.HK,1.800,1.910,1.780,1.880,6.91M
2018-09-12 16:20:31,0687.HK,1.800,1.910,1.780,1.880,6.91M
2018-09-12 16:20:47,0687.HK,1.800,1.910,1.780,1.880,6.91M
2018-09-12 16:21:04,0687.HK,1.800,1.910,1.780,1.880,6.91M
2018-09-12 16:21:29,0687.HK,1.800,1.910,1.780,1.880,6.91M
2018-09-12 16:21:43,0687.HK,1.800,1.910,1.780,1.880,6.91M
2018-09-12 16:22:22,0687.HK,1.800,1.910,1.780,1.880,6.91M
2018-09-12 16:24:18,0687.HK,1.800,1.910,1.780,1.880,6.91M
2018-09-12 16:24:48,0687.HK,1.800,1.910,1.780,1.880,6.91M
2018-09-12 16:25:22,0687.HK,1.800,1.910,1.780,1.880,6.91M
