2018-09-28 09:22:18,1251.HK,0.770,0.000,0.000,0.770,0.00
2018-09-28 09:22:30,1251.HK,0.770,0.000,0.000,0.770,0.00
2018-09-28 09:22:37,1251.HK,0.770,0.000,0.000,0.770,0.00
2018-09-28 09:22:48,1251.HK,0.770,0.000,0.000,0.770,0.00
2018-09-28 09:22:56,1251.HK,0.770,0.000,0.000,0.770,0.00
2018-09-28 09:23:04,1251.HK,0.770,0.000,0.000,0.770,0.00
2018-09-28 09:23:14,1251.HK,0.770,0.000,0.000,0.770,0.00
2018-09-28 09:23:20,1251.HK,0.770,0.000,0.000,0.770,0.00
2018-09-28 09:23:25,1251.HK,0.770,0.000,0.000,0.770,0.00
2018-09-28 09:23:36,1251.HK,0.770,0.000,0.000,0.770,0.00
2018-09-28 09:23:43,1251.HK,0.770,0.000,0.000,0.770,0.00
2018-09-28 09:24:03,1251.HK,0.770,0.000,0.000,0.770,0.00
2018-09-28 09:24:15,1251.HK,0.770,0.000,0.000,0.770,0.00
2018-09-28 09:24:22,1251.HK,0.770,0.000,0.000,0.770,0.00
2018-09-28 09:24:26,1251.HK,0.770,0.000,0.000,0.770,0.00
2018-09-28 09:24:31,1251.HK,0.770,0.000,0.000,0.770,0.00
2018-09-28 09:24:35,1251.HK,0.770,0.000,0.000,0.770,0.00
2018-09-28 09:24:40,1251.HK,0.770,0.000,0.000,0.770,0.00
2018-09-28 09:24:44,1251.HK,0.770,0.000,0.000,0.770,0.00
2018-09-28 09:24:52,1251.HK,0.770,0.000,0.000,0.770,0.00
2018-09-28 09:24:59,1251.HK,0.770,0.000,0.000,0.770,0.00
2018-09-28 09:25:03,1251.HK,0.770,0.000,0.000,0.770,0.00
2018-09-28 09:25:10,1251.HK,0.770,0.000,0.000,0.770,0.00
2018-09-28 09:25:15,1251.HK,0.770,0.000,0.000,0.770,0.00
2018-09-28 09:25:19,1251.HK,0.770,0.000,0.000,0.770,0.00
2018-09-28 09:25:23,1251.HK,0.770,0.000,0.000,0.770,0.00
2018-09-28 09:25:28,1251.HK,0.770,0.000,0.000,0.770,0.00
2018-09-28 09:25:32,1251.HK,0.770,0.000,0.000,0.770,0.00
2018-09-28 09:25:37,1251.HK,0.770,0.000,0.000,0.770,0.00
2018-09-28 09:25:43,1251.HK,0.770,0.000,0.000,0.770,0.00
2018-09-28 09:25:54,1251.HK,0.770,0.000,0.000,0.770,0.00
2018-09-28 09:26:04,1251.HK,0.770,0.000,0.000,0.770,0.00
2018-09-28 09:26:14,1251.HK,0.770,0.000,0.000,0.770,0.00
2018-09-28 09:26:19,1251.HK,0.770,0.000,0.000,0.770,0.00
2018-09-28 09:26:24,1251.HK,0.770,0.000,0.000,0.770,0.00
2018-09-28 09:26:28,1251.HK,0.770,0.000,0.000,0.770,0.00
2018-09-28 09:26:33,1251.HK,0.770,0.000,0.000,0.770,0.00
2018-09-28 09:26:37,1251.HK,0.770,0.000,0.000,0.770,0.00
2018-09-28 09:26:44,1251.HK,0.770,0.000,0.000,0.770,0.00
2018-09-28 09:26:53,1251.HK,0.770,0.000,0.000,0.770,0.00
2018-09-28 09:27:07,1251.HK,0.770,0.000,0.000,0.770,0.00
2018-09-28 09:27:24,1251.HK,0.770,0.000,0.000,0.770,0.00
2018-09-28 09:27:28,1251.HK,0.770,0.000,0.000,0.770,0.00
2018-09-28 09:27:44,1251.HK,0.770,0.000,0.000,0.770,0.00
2018-09-28 09:27:50,1251.HK,0.770,0.000,0.000,0.770,0.00
2018-09-28 09:28:03,1251.HK,0.770,0.000,0.000,0.770,0.00
2018-09-28 09:28:15,1251.HK,0.770,0.000,0.000,0.770,0.00
2018-09-28 09:28:31,1251.HK,0.770,0.000,0.000,0.770,0.00
2018-09-28 09:28:38,1251.HK,0.770,0.000,0.000,0.770,0.00
2018-09-28 09:28:47,1251.HK,0.770,0.000,0.000,0.770,0.00
2018-09-28 09:29:02,1251.HK,0.770,0.000,0.000,0.770,0.00
2018-09-28 09:29:25,1251.HK,0.770,0.000,0.000,0.770,0.00
2018-09-28 09:29:34,1251.HK,0.770,0.000,0.000,0.770,0.00
2018-09-28 09:29:39,1251.HK,0.770,0.000,0.000,0.770,0.00
2018-09-28 09:29:46,1251.HK,0.770,0.000,0.000,0.770,0.00
2018-09-28 09:29:58,1251.HK,0.770,0.000,0.000,0.770,0.00
2018-09-28 09:30:15,1251.HK,0.770,0.000,0.000,0.770,0.00
2018-09-28 09:30:26,1251.HK,0.770,0.770,0.770,0.770,"4,000.00"
2018-09-28 09:30:36,1251.HK,0.770,0.780,0.770,0.780,"8,000.00"
2018-09-28 09:30:40,1251.HK,0.770,0.780,0.770,0.780,"8,000.00"
2018-09-28 09:30:51,1251.HK,0.770,0.780,0.770,0.780,"8,000.00"
2018-09-28 09:30:58,1251.HK,0.770,0.780,0.770,0.780,"8,000.00"
2018-09-28 09:31:07,1251.HK,0.770,0.780,0.770,0.780,"8,000.00"
2018-09-28 09:31:19,1251.HK,0.770,0.780,0.770,0.780,"8,000.00"
2018-09-28 09:31:29,1251.HK,0.770,0.780,0.770,0.780,"8,000.00"
2018-09-28 09:31:52,1251.HK,0.770,0.780,0.770,0.780,"8,000.00"
2018-09-28 09:32:00,1251.HK,0.770,0.780,0.770,0.780,"8,000.00"
2018-09-28 09:32:16,1251.HK,0.770,0.780,0.770,0.780,"8,000.00"
2018-09-28 09:32:26,1251.HK,0.770,0.780,0.770,0.780,"8,000.00"
2018-09-28 09:32:39,1251.HK,0.770,0.780,0.770,0.780,"8,000.00"
2018-09-28 09:32:44,1251.HK,0.770,0.780,0.770,0.780,"8,000.00"
2018-09-28 09:32:50,1251.HK,0.770,0.780,0.770,0.780,"8,000.00"
2018-09-28 09:32:58,1251.HK,0.770,0.780,0.770,0.780,"8,000.00"
2018-09-28 09:33:06,1251.HK,0.770,0.780,0.770,0.780,"8,000.00"
2018-09-28 09:33:12,1251.HK,0.770,0.780,0.770,0.780,"8,000.00"
2018-09-28 09:33:33,1251.HK,0.770,0.780,0.770,0.780,"8,000.00"
2018-09-28 09:33:40,1251.HK,0.770,0.780,0.770,0.780,"8,000.00"
2018-09-28 09:33:48,1251.HK,0.770,0.780,0.770,0.780,"8,000.00"
2018-09-28 09:34:05,1251.HK,0.770,0.780,0.770,0.780,"8,000.00"
2018-09-28 09:34:20,1251.HK,0.770,0.790,0.770,0.790,58.00K
2018-09-28 09:34:26,1251.HK,0.770,0.790,0.770,0.790,306.00K
2018-09-28 09:34:31,1251.HK,0.770,0.790,0.770,0.790,306.00K
2018-09-28 09:34:36,1251.HK,0.770,0.790,0.770,0.790,306.00K
2018-09-28 09:34:41,1251.HK,0.770,0.790,0.770,0.790,306.00K
2018-09-28 09:34:47,1251.HK,0.770,0.790,0.770,0.790,306.00K
2018-09-28 09:34:55,1251.HK,0.770,0.790,0.770,0.790,306.00K
2018-09-28 09:35:01,1251.HK,0.770,0.790,0.770,0.790,306.00K
2018-09-28 09:35:19,1251.HK,0.770,0.790,0.770,0.790,306.00K
2018-09-28 09:35:37,1251.HK,0.770,0.800,0.770,0.800,606.00K
2018-09-28 09:35:46,1251.HK,0.770,0.800,0.770,0.800,1.35M
2018-09-28 09:35:56,1251.HK,0.770,0.810,0.770,0.810,1.45M
2018-09-28 09:36:16,1251.HK,0.770,0.810,0.770,0.810,1.45M
2018-09-28 09:36:27,1251.HK,0.770,0.810,0.770,0.810,1.55M
2018-09-28 09:36:37,1251.HK,0.770,0.810,0.770,0.810,1.55M
2018-09-28 09:36:46,1251.HK,0.770,0.810,0.770,0.810,1.55M
2018-09-28 09:36:52,1251.HK,0.770,0.810,0.770,0.810,1.55M
2018-09-28 09:36:57,1251.HK,0.770,0.810,0.770,0.810,1.55M
2018-09-28 09:37:02,1251.HK,0.770,0.810,0.770,0.810,1.55M
2018-09-28 09:37:15,1251.HK,0.770,0.810,0.770,0.810,1.55M
2018-09-28 09:37:32,1251.HK,0.770,0.810,0.770,0.810,2.44M
2018-09-28 09:37:39,1251.HK,0.770,0.810,0.770,0.810,2.44M
2018-09-28 09:37:48,1251.HK,0.770,0.810,0.770,0.810,2.44M
2018-09-28 09:38:01,1251.HK,0.770,0.810,0.770,0.810,2.44M
2018-09-28 09:38:14,1251.HK,0.770,0.810,0.770,0.810,2.44M
2018-09-28 09:38:25,1251.HK,0.770,0.810,0.770,0.810,2.44M
2018-09-28 09:38:31,1251.HK,0.770,0.810,0.770,0.800,2.49M
2018-09-28 09:38:39,1251.HK,0.770,0.810,0.770,0.800,2.51M
2018-09-28 09:38:43,1251.HK,0.770,0.810,0.770,0.800,2.51M
2018-09-28 09:38:49,1251.HK,0.770,0.810,0.770,0.800,2.51M
2018-09-28 09:38:56,1251.HK,0.770,0.810,0.770,0.800,2.51M
2018-09-28 09:39:01,1251.HK,0.770,0.810,0.770,0.800,2.51M
2018-09-28 09:39:11,1251.HK,0.770,0.810,0.770,0.800,2.51M
2018-09-28 09:39:23,1251.HK,0.770,0.810,0.770,0.800,2.51M
2018-09-28 09:39:27,1251.HK,0.770,0.810,0.770,0.800,2.51M
2018-09-28 09:39:31,1251.HK,0.770,0.810,0.770,0.800,2.51M
2018-09-28 09:39:36,1251.HK,0.770,0.810,0.770,0.800,2.51M
2018-09-28 09:39:42,1251.HK,0.770,0.810,0.770,0.800,2.51M
2018-09-28 09:39:57,1251.HK,0.770,0.810,0.770,0.800,2.55M
2018-09-28 09:40:15,1251.HK,0.770,0.810,0.770,0.800,2.55M
2018-09-28 09:40:25,1251.HK,0.770,0.810,0.770,0.800,2.78M
2018-09-28 09:40:30,1251.HK,0.770,0.810,0.770,0.790,2.91M
2018-09-28 09:40:34,1251.HK,0.770,0.810,0.770,0.790,2.91M
2018-09-28 09:40:41,1251.HK,0.770,0.810,0.770,0.790,2.91M
2018-09-28 09:40:51,1251.HK,0.770,0.810,0.770,0.790,2.91M
2018-09-28 09:40:55,1251.HK,0.770,0.810,0.770,0.790,2.91M
2018-09-28 09:41:00,1251.HK,0.770,0.810,0.770,0.790,2.91M
2018-09-28 09:41:04,1251.HK,0.770,0.810,0.770,0.790,3.01M
2018-09-28 09:41:11,1251.HK,0.770,0.810,0.770,0.790,3.01M
2018-09-28 09:41:16,1251.HK,0.770,0.810,0.770,0.790,3.01M
2018-09-28 09:41:21,1251.HK,0.770,0.810,0.770,0.790,3.01M
2018-09-28 09:41:26,1251.HK,0.770,0.810,0.770,0.790,3.01M
2018-09-28 09:41:31,1251.HK,0.770,0.810,0.770,0.790,3.01M
2018-09-28 09:41:36,1251.HK,0.770,0.810,0.770,0.790,3.01M
2018-09-28 09:41:45,1251.HK,0.770,0.810,0.770,0.790,3.01M
2018-09-28 09:41:50,1251.HK,0.770,0.810,0.770,0.790,3.01M
2018-09-28 09:42:03,1251.HK,0.770,0.810,0.770,0.790,3.01M
2018-09-28 09:42:18,1251.HK,0.770,0.810,0.770,0.790,3.01M
2018-09-28 09:42:25,1251.HK,0.770,0.810,0.770,0.790,3.01M
2018-09-28 09:42:30,1251.HK,0.770,0.810,0.770,0.790,3.01M
2018-09-28 09:42:35,1251.HK,0.770,0.810,0.770,0.790,3.01M
2018-09-28 09:42:43,1251.HK,0.770,0.810,0.770,0.790,3.01M
2018-09-28 09:42:54,1251.HK,0.770,0.810,0.770,0.790,3.01M
2018-09-28 09:43:06,1251.HK,0.770,0.810,0.770,0.790,3.01M
2018-09-28 09:43:17,1251.HK,0.770,0.810,0.770,0.790,3.01M
2018-09-28 09:43:28,1251.HK,0.770,0.810,0.770,0.790,3.01M
2018-09-28 09:43:32,1251.HK,0.770,0.810,0.770,0.790,3.01M
2018-09-28 09:43:40,1251.HK,0.770,0.810,0.770,0.790,3.01M
2018-09-28 09:43:44,1251.HK,0.770,0.810,0.770,0.790,3.01M
2018-09-28 09:43:54,1251.HK,0.770,0.810,0.770,0.790,3.01M
2018-09-28 09:44:12,1251.HK,0.770,0.810,0.770,0.790,3.01M
2018-09-28 09:44:22,1251.HK,0.770,0.810,0.770,0.790,3.42M
2018-09-28 09:44:31,1251.HK,0.770,0.810,0.770,0.790,3.42M
2018-09-28 09:44:36,1251.HK,0.770,0.810,0.770,0.790,3.42M
2018-09-28 09:44:43,1251.HK,0.770,0.810,0.770,0.790,3.42M
2018-09-28 09:44:55,1251.HK,0.770,0.810,0.770,0.790,3.42M
2018-09-28 09:45:06,1251.HK,0.770,0.810,0.770,0.790,3.42M
2018-09-28 09:45:21,1251.HK,0.770,0.810,0.770,0.790,3.42M
2018-09-28 09:45:31,1251.HK,0.770,0.810,0.770,0.790,3.42M
2018-09-28 09:45:40,1251.HK,0.770,0.810,0.770,0.790,3.42M
2018-09-28 09:45:47,1251.HK,0.770,0.810,0.770,0.790,3.42M
2018-09-28 09:45:54,1251.HK,0.770,0.810,0.770,0.790,3.42M
2018-09-28 09:46:10,1251.HK,0.770,0.810,0.770,0.790,3.42M
2018-09-28 09:46:20,1251.HK,0.770,0.810,0.770,0.800,3.46M
2018-09-28 09:46:27,1251.HK,0.770,0.810,0.770,0.800,3.46M
2018-09-28 09:46:33,1251.HK,0.770,0.810,0.770,0.800,3.46M
2018-09-28 09:46:42,1251.HK,0.770,0.810,0.770,0.800,3.46M
2018-09-28 09:46:48,1251.HK,0.770,0.810,0.770,0.800,3.46M
2018-09-28 09:46:58,1251.HK,0.770,0.810,0.770,0.800,3.46M
2018-09-28 09:47:06,1251.HK,0.770,0.810,0.770,0.800,3.46M
2018-09-28 09:47:19,1251.HK,0.770,0.810,0.770,0.800,3.46M
2018-09-28 09:47:27,1251.HK,0.770,0.810,0.770,0.800,3.50M
2018-09-28 09:47:34,1251.HK,0.770,0.810,0.770,0.800,3.50M
2018-09-28 09:47:42,1251.HK,0.770,0.810,0.770,0.800,3.51M
2018-09-28 09:47:49,1251.HK,0.770,0.810,0.770,0.800,3.51M
2018-09-28 09:47:59,1251.HK,0.770,0.810,0.770,0.800,3.51M
2018-09-28 09:48:14,1251.HK,0.770,0.810,0.770,0.800,3.51M
2018-09-28 09:48:23,1251.HK,0.770,0.810,0.770,0.800,3.51M
2018-09-28 09:48:30,1251.HK,0.770,0.810,0.770,0.800,3.51M
2018-09-28 09:48:35,1251.HK,0.770,0.810,0.770,0.800,3.51M
2018-09-28 09:48:40,1251.HK,0.770,0.810,0.770,0.800,3.51M
2018-09-28 09:48:45,1251.HK,0.770,0.810,0.770,0.800,3.51M
2018-09-28 09:48:53,1251.HK,0.770,0.810,0.770,0.800,3.51M
2018-09-28 09:48:58,1251.HK,0.770,0.810,0.770,0.800,3.51M
2018-09-28 09:49:03,1251.HK,0.770,0.810,0.770,0.800,3.52M
2018-09-28 09:49:11,1251.HK,0.770,0.810,0.770,0.800,3.52M
2018-09-28 09:49:16,1251.HK,0.770,0.810,0.770,0.800,3.52M
2018-09-28 09:49:21,1251.HK,0.770,0.810,0.770,0.800,3.52M
2018-09-28 09:49:26,1251.HK,0.770,0.810,0.770,0.800,3.52M
2018-09-28 09:49:31,1251.HK,0.770,0.810,0.770,0.800,3.52M
2018-09-28 09:49:36,1251.HK,0.770,0.810,0.770,0.800,3.52M
2018-09-28 09:49:45,1251.HK,0.770,0.810,0.770,0.800,3.52M
2018-09-28 09:49:50,1251.HK,0.770,0.810,0.770,0.800,3.52M
2018-09-28 09:50:07,1251.HK,0.770,0.810,0.770,0.800,3.52M
2018-09-28 09:50:12,1251.HK,0.770,0.810,0.770,0.800,3.52M
2018-09-28 09:50:25,1251.HK,0.770,0.810,0.770,0.800,3.52M
2018-09-28 09:50:30,1251.HK,0.770,0.810,0.770,0.800,3.52M
2018-09-28 09:50:35,1251.HK,0.770,0.810,0.770,0.800,3.52M
2018-09-28 09:50:39,1251.HK,0.770,0.810,0.770,0.800,3.52M
2018-09-28 09:50:48,1251.HK,0.770,0.810,0.770,0.800,3.52M
2018-09-28 09:50:54,1251.HK,0.770,0.810,0.770,0.800,3.52M
2018-09-28 09:50:59,1251.HK,0.770,0.810,0.770,0.800,3.52M
2018-09-28 09:51:05,1251.HK,0.770,0.810,0.770,0.800,3.53M
2018-09-28 09:51:24,1251.HK,0.770,0.810,0.770,0.790,3.56M
2018-09-28 09:51:32,1251.HK,0.770,0.810,0.770,0.790,3.56M
2018-09-28 09:51:36,1251.HK,0.770,0.810,0.770,0.790,3.57M
2018-09-28 09:51:45,1251.HK,0.770,0.810,0.770,0.790,3.57M
2018-09-28 09:52:02,1251.HK,0.770,0.810,0.770,0.790,3.57M
2018-09-28 09:52:17,1251.HK,0.770,0.810,0.770,0.790,3.57M
2018-09-28 09:52:27,1251.HK,0.770,0.810,0.770,0.790,3.62M
2018-09-28 09:52:32,1251.HK,0.770,0.810,0.770,0.790,3.62M
2018-09-28 09:52:37,1251.HK,0.770,0.810,0.770,0.790,3.62M
2018-09-28 09:52:42,1251.HK,0.770,0.810,0.770,0.790,3.62M
2018-09-28 09:52:54,1251.HK,0.770,0.810,0.770,0.790,3.65M
2018-09-28 09:53:01,1251.HK,0.770,0.810,0.770,0.790,3.65M
2018-09-28 09:53:22,1251.HK,0.770,0.810,0.770,0.790,3.65M
2018-09-28 09:53:38,1251.HK,0.770,0.810,0.770,0.790,3.73M
2018-09-28 09:53:56,1251.HK,0.770,0.810,0.770,0.790,3.73M
2018-09-28 09:54:17,1251.HK,0.770,0.810,0.770,0.790,3.73M
2018-09-28 09:54:34,1251.HK,0.770,0.810,0.770,0.790,3.78M
2018-09-28 09:54:46,1251.HK,0.770,0.810,0.770,0.790,3.78M
2018-09-28 09:54:56,1251.HK,0.770,0.810,0.770,0.790,3.80M
2018-09-28 09:55:04,1251.HK,0.770,0.810,0.770,0.790,3.80M
2018-09-28 09:55:22,1251.HK,0.770,0.810,0.770,0.790,3.80M
2018-09-28 09:55:39,1251.HK,0.770,0.810,0.770,0.790,3.84M
2018-09-28 09:55:58,1251.HK,0.770,0.810,0.770,0.790,3.84M
2018-09-28 09:56:10,1251.HK,0.770,0.810,0.770,0.790,4.04M
2018-09-28 09:56:22,1251.HK,0.770,0.810,0.770,0.780,4.07M
2018-09-28 09:56:34,1251.HK,0.770,0.810,0.770,0.780,4.07M
2018-09-28 09:56:41,1251.HK,0.770,0.810,0.770,0.780,4.07M
2018-09-28 09:56:53,1251.HK,0.770,0.810,0.770,0.780,4.07M
2018-09-28 09:56:57,1251.HK,0.770,0.810,0.770,0.780,4.07M
2018-09-28 09:57:07,1251.HK,0.770,0.810,0.770,0.780,4.07M
2018-09-28 09:57:32,1251.HK,0.770,0.810,0.770,0.780,4.07M
2018-09-28 09:57:42,1251.HK,0.770,0.810,0.770,0.790,4.17M
2018-09-28 09:57:55,1251.HK,0.770,0.810,0.770,0.790,4.17M
2018-09-28 09:58:11,1251.HK,0.770,0.810,0.770,0.790,4.17M
2018-09-28 09:58:27,1251.HK,0.770,0.810,0.770,0.790,4.17M
2018-09-28 09:58:31,1251.HK,0.770,0.810,0.770,0.790,4.17M
2018-09-28 09:58:36,1251.HK,0.770,0.810,0.770,0.790,4.17M
2018-09-28 09:58:43,1251.HK,0.770,0.810,0.770,0.790,4.17M
2018-09-28 09:58:49,1251.HK,0.770,0.810,0.770,0.790,4.17M
2018-09-28 09:58:58,1251.HK,0.770,0.810,0.770,0.790,4.17M
2018-09-28 09:59:09,1251.HK,0.770,0.810,0.770,0.790,4.17M
2018-09-28 09:59:17,1251.HK,0.770,0.810,0.770,0.790,4.17M
2018-09-28 09:59:25,1251.HK,0.770,0.810,0.770,0.790,4.17M
2018-09-28 09:59:33,1251.HK,0.770,0.810,0.770,0.790,4.17M
2018-09-28 09:59:40,1251.HK,0.770,0.810,0.770,0.790,4.17M
2018-09-28 09:59:55,1251.HK,0.770,0.810,0.770,0.790,4.17M
2018-09-28 10:00:14,1251.HK,0.770,0.810,0.770,0.790,4.17M
2018-09-28 10:00:27,1251.HK,0.770,0.810,0.770,0.790,4.17M
2018-09-28 10:00:32,1251.HK,0.770,0.810,0.770,0.790,4.17M
2018-09-28 10:00:38,1251.HK,0.770,0.810,0.770,0.790,4.17M
2018-09-28 10:00:49,1251.HK,0.770,0.810,0.770,0.790,4.67M
2018-09-28 10:00:59,1251.HK,0.770,0.810,0.770,0.780,4.73M
2018-09-28 10:01:09,1251.HK,0.770,0.810,0.770,0.780,4.73M
2018-09-28 10:01:17,1251.HK,0.770,0.810,0.770,0.780,4.73M
2018-09-28 10:01:27,1251.HK,0.770,0.810,0.770,0.780,4.73M
2018-09-28 10:01:32,1251.HK,0.770,0.810,0.770,0.780,4.73M
2018-09-28 10:01:40,1251.HK,0.770,0.810,0.770,0.790,4.76M
2018-09-28 10:01:49,1251.HK,0.770,0.810,0.770,0.790,4.76M
2018-09-28 10:02:10,1251.HK,0.770,0.810,0.770,0.790,4.76M
2018-09-28 10:02:18,1251.HK,0.770,0.810,0.770,0.790,4.76M
2018-09-28 10:02:28,1251.HK,0.770,0.810,0.770,0.790,4.76M
2018-09-28 10:02:33,1251.HK,0.770,0.810,0.770,0.790,4.76M
2018-09-28 10:02:38,1251.HK,0.770,0.810,0.770,0.790,4.76M
2018-09-28 10:02:44,1251.HK,0.770,0.810,0.770,0.790,4.76M
2018-09-28 10:02:49,1251.HK,0.770,0.810,0.770,0.790,4.76M
2018-09-28 10:02:53,1251.HK,0.770,0.810,0.770,0.790,4.76M
2018-09-28 10:03:01,1251.HK,0.770,0.810,0.770,0.790,4.76M
2018-09-28 10:03:21,1251.HK,0.770,0.810,0.770,0.790,4.76M
2018-09-28 10:03:27,1251.HK,0.770,0.810,0.770,0.790,4.76M
2018-09-28 10:03:32,1251.HK,0.770,0.810,0.770,0.790,4.76M
2018-09-28 10:03:37,1251.HK,0.770,0.810,0.770,0.790,4.76M
2018-09-28 10:03:44,1251.HK,0.770,0.810,0.770,0.790,4.76M
2018-09-28 10:04:02,1251.HK,0.770,0.810,0.770,0.790,4.76M
2018-09-28 10:04:20,1251.HK,0.770,0.810,0.770,0.790,4.76M
2018-09-28 10:04:29,1251.HK,0.770,0.810,0.770,0.790,4.76M
2018-09-28 10:04:38,1251.HK,0.770,0.810,0.770,0.790,4.76M
2018-09-28 10:04:43,1251.HK,0.770,0.810,0.770,0.790,4.76M
2018-09-28 10:04:49,1251.HK,0.770,0.810,0.770,0.790,4.76M
2018-09-28 10:04:56,1251.HK,0.770,0.810,0.770,0.790,4.76M
2018-09-28 10:05:03,1251.HK,0.770,0.810,0.770,0.790,4.76M
2018-09-28 10:05:10,1251.HK,0.770,0.810,0.770,0.790,4.76M
2018-09-28 10:05:35,1251.HK,0.770,0.810,0.770,0.790,4.76M
2018-09-28 10:05:46,1251.HK,0.770,0.810,0.770,0.790,4.76M
2018-09-28 10:05:51,1251.HK,0.770,0.810,0.770,0.790,4.76M
2018-09-28 10:05:55,1251.HK,0.770,0.810,0.770,0.790,4.76M
2018-09-28 10:06:09,1251.HK,0.770,0.810,0.770,0.790,4.76M
2018-09-28 10:06:17,1251.HK,0.770,0.810,0.770,0.790,4.76M
2018-09-28 10:06:27,1251.HK,0.770,0.810,0.770,0.790,4.76M
2018-09-28 10:06:36,1251.HK,0.770,0.810,0.770,0.790,4.76M
2018-09-28 10:06:46,1251.HK,0.770,0.810,0.770,0.790,4.76M
2018-09-28 10:06:55,1251.HK,0.770,0.810,0.770,0.790,4.76M
2018-09-28 10:07:04,1251.HK,0.770,0.810,0.770,0.790,4.76M
2018-09-28 10:07:29,1251.HK,0.770,0.810,0.770,0.790,4.76M
2018-09-28 10:07:49,1251.HK,0.770,0.810,0.770,0.790,4.76M
2018-09-28 10:08:00,1251.HK,0.770,0.810,0.770,0.790,4.76M
2018-09-28 10:08:15,1251.HK,0.770,0.810,0.770,0.790,4.81M
2018-09-28 10:08:29,1251.HK,0.770,0.810,0.770,0.790,4.81M
2018-09-28 10:08:38,1251.HK,0.770,0.810,0.770,0.790,4.81M
2018-09-28 10:08:53,1251.HK,0.770,0.810,0.770,0.790,4.81M
2018-09-28 10:08:59,1251.HK,0.770,0.810,0.770,0.790,4.81M
2018-09-28 10:09:08,1251.HK,0.770,0.810,0.770,0.790,4.81M
2018-09-28 10:09:20,1251.HK,0.770,0.810,0.770,0.790,4.81M
2018-09-28 10:09:33,1251.HK,0.770,0.810,0.770,0.790,4.81M
2018-09-28 10:09:43,1251.HK,0.770,0.810,0.770,0.790,4.81M
2018-09-28 10:09:54,1251.HK,0.770,0.810,0.770,0.790,4.81M
2018-09-28 10:10:05,1251.HK,0.770,0.810,0.770,0.790,4.81M
2018-09-28 10:10:18,1251.HK,0.770,0.810,0.770,0.790,4.81M
2018-09-28 10:10:31,1251.HK,0.770,0.810,0.770,0.790,4.81M
2018-09-28 10:10:36,1251.HK,0.770,0.810,0.770,0.790,4.81M
2018-09-28 10:10:41,1251.HK,0.770,0.810,0.770,0.790,4.81M
2018-09-28 10:10:46,1251.HK,0.770,0.810,0.770,0.790,4.81M
2018-09-28 10:10:51,1251.HK,0.770,0.810,0.770,0.790,4.81M
2018-09-28 10:11:00,1251.HK,0.770,0.810,0.770,0.790,4.81M
2018-09-28 10:11:04,1251.HK,0.770,0.810,0.770,0.790,4.81M
2018-09-28 10:11:19,1251.HK,0.770,0.810,0.770,0.790,4.81M
2018-09-28 10:11:25,1251.HK,0.770,0.810,0.770,0.790,4.81M
2018-09-28 10:11:30,1251.HK,0.770,0.810,0.770,0.790,4.81M
2018-09-28 10:11:35,1251.HK,0.770,0.810,0.770,0.790,4.81M
2018-09-28 10:11:41,1251.HK,0.770,0.810,0.770,0.790,4.81M
2018-09-28 10:11:46,1251.HK,0.770,0.810,0.770,0.790,4.81M
2018-09-28 10:11:51,1251.HK,0.770,0.810,0.770,0.790,4.81M
2018-09-28 10:12:13,1251.HK,0.770,0.810,0.770,0.790,4.81M
2018-09-28 10:12:24,1251.HK,0.770,0.810,0.770,0.790,4.81M
2018-09-28 10:12:29,1251.HK,0.770,0.810,0.770,0.790,4.81M
2018-09-28 10:12:34,1251.HK,0.770,0.810,0.770,0.790,4.81M
2018-09-28 10:12:40,1251.HK,0.770,0.810,0.770,0.790,4.81M
2018-09-28 10:12:44,1251.HK,0.770,0.810,0.770,0.790,4.81M
2018-09-28 10:12:49,1251.HK,0.770,0.810,0.770,0.790,4.81M
2018-09-28 10:12:55,1251.HK,0.770,0.810,0.770,0.790,4.81M
2018-09-28 10:13:02,1251.HK,0.770,0.810,0.770,0.790,4.81M
2018-09-28 10:13:18,1251.HK,0.770,0.810,0.770,0.790,4.81M
2018-09-28 10:13:23,1251.HK,0.770,0.810,0.770,0.790,4.81M
2018-09-28 10:13:29,1251.HK,0.770,0.810,0.770,0.790,4.81M
2018-09-28 10:13:35,1251.HK,0.770,0.810,0.770,0.790,4.81M
2018-09-28 10:13:39,1251.HK,0.770,0.810,0.770,0.790,4.81M
2018-09-28 10:13:47,1251.HK,0.770,0.810,0.770,0.790,4.81M
2018-09-28 10:13:57,1251.HK,0.770,0.810,0.770,0.790,4.81M
2018-09-28 10:14:17,1251.HK,0.770,0.810,0.770,0.790,4.81M
2018-09-28 10:14:26,1251.HK,0.770,0.810,0.770,0.790,4.81M
2018-09-28 10:14:31,1251.HK,0.770,0.810,0.770,0.790,4.81M
2018-09-28 10:14:35,1251.HK,0.770,0.810,0.770,0.790,4.81M
2018-09-28 10:14:45,1251.HK,0.770,0.810,0.770,0.790,4.81M
2018-09-28 10:14:51,1251.HK,0.770,0.810,0.770,0.790,4.81M
2018-09-28 10:15:00,1251.HK,0.770,0.810,0.770,0.790,4.81M
2018-09-28 10:15:06,1251.HK,0.770,0.810,0.770,0.790,4.81M
2018-09-28 10:15:19,1251.HK,0.770,0.810,0.770,0.790,4.81M
2018-09-28 10:15:23,1251.HK,0.770,0.810,0.770,0.790,4.81M
2018-09-28 10:15:35,1251.HK,0.770,0.810,0.770,0.790,4.81M
2018-09-28 10:15:50,1251.HK,0.770,0.810,0.770,0.790,4.81M
2018-09-28 10:16:00,1251.HK,0.770,0.810,0.770,0.790,4.81M
2018-09-28 10:16:15,1251.HK,0.770,0.810,0.770,0.780,4.93M
2018-09-28 10:16:32,1251.HK,0.770,0.810,0.770,0.780,4.93M
2018-09-28 10:16:39,1251.HK,0.770,0.810,0.770,0.780,4.93M
2018-09-28 10:16:50,1251.HK,0.770,0.810,0.770,0.780,4.93M
2018-09-28 10:16:56,1251.HK,0.770,0.810,0.770,0.780,4.93M
2018-09-28 10:17:02,1251.HK,0.770,0.810,0.770,0.780,4.93M
2018-09-28 10:17:15,1251.HK,0.770,0.810,0.770,0.780,4.93M
2018-09-28 10:17:43,1251.HK,0.770,0.810,0.770,0.780,4.93M
2018-09-28 10:17:45,1251.HK,0.770,0.810,0.770,0.780,4.93M
2018-09-28 10:18:00,1251.HK,0.770,0.810,0.770,0.780,4.93M
2018-09-28 10:18:16,1251.HK,0.770,0.810,0.770,0.780,4.93M
2018-09-28 10:18:25,1251.HK,0.770,0.810,0.770,0.780,4.93M
2018-09-28 10:18:32,1251.HK,0.770,0.810,0.770,0.780,4.93M
2018-09-28 10:18:38,1251.HK,0.770,0.810,0.770,0.780,4.93M
2018-09-28 10:18:45,1251.HK,0.770,0.810,0.770,0.780,4.93M
2018-09-28 10:18:51,1251.HK,0.770,0.810,0.770,0.780,4.93M
2018-09-28 10:18:58,1251.HK,0.770,0.810,0.770,0.780,4.93M
2018-09-28 10:19:04,1251.HK,0.770,0.810,0.770,0.780,4.93M
2018-09-28 10:19:14,1251.HK,0.770,0.810,0.770,0.780,4.94M
2018-09-28 10:19:27,1251.HK,0.770,0.810,0.770,0.780,4.94M
2018-09-28 10:19:33,1251.HK,0.770,0.810,0.770,0.780,4.94M
2018-09-28 10:19:44,1251.HK,0.770,0.810,0.770,0.790,5.04M
2018-09-28 10:19:55,1251.HK,0.770,0.810,0.770,0.790,5.04M
2018-09-28 10:20:00,1251.HK,0.770,0.810,0.770,0.790,5.04M
2018-09-28 10:20:24,1251.HK,0.770,0.810,0.770,0.790,5.04M
2018-09-28 10:20:30,1251.HK,0.770,0.810,0.770,0.790,5.04M
2018-09-28 10:20:37,1251.HK,0.770,0.810,0.770,0.790,5.04M
2018-09-28 10:20:42,1251.HK,0.770,0.810,0.770,0.790,5.04M
2018-09-28 10:20:49,1251.HK,0.770,0.810,0.770,0.790,5.04M
2018-09-28 10:20:53,1251.HK,0.770,0.810,0.770,0.790,5.04M
2018-09-28 10:20:58,1251.HK,0.770,0.810,0.770,0.790,5.04M
2018-09-28 10:21:04,1251.HK,0.770,0.810,0.770,0.790,5.04M
2018-09-28 10:21:13,1251.HK,0.770,0.810,0.770,0.790,5.04M
2018-09-28 10:21:27,1251.HK,0.770,0.810,0.770,0.790,5.04M
2018-09-28 10:21:39,1251.HK,0.770,0.810,0.770,0.790,5.04M
2018-09-28 10:21:50,1251.HK,0.770,0.810,0.770,0.790,5.04M
2018-09-28 10:21:54,1251.HK,0.770,0.810,0.770,0.790,5.04M
2018-09-28 10:22:04,1251.HK,0.770,0.810,0.770,0.790,5.04M
2018-09-28 10:22:26,1251.HK,0.770,0.810,0.770,0.790,5.04M
2018-09-28 10:22:33,1251.HK,0.770,0.810,0.770,0.790,5.04M
2018-09-28 10:22:46,1251.HK,0.770,0.810,0.770,0.790,5.04M
2018-09-28 10:22:54,1251.HK,0.770,0.810,0.770,0.790,5.04M
2018-09-28 10:23:03,1251.HK,0.770,0.810,0.770,0.790,5.04M
2018-09-28 10:23:24,1251.HK,0.770,0.810,0.770,0.790,5.04M
2018-09-28 10:23:37,1251.HK,0.770,0.810,0.770,0.790,5.04M
2018-09-28 10:23:47,1251.HK,0.770,0.810,0.770,0.790,5.04M
2018-09-28 10:24:12,1251.HK,0.770,0.810,0.770,0.790,5.04M
2018-09-28 10:24:27,1251.HK,0.770,0.810,0.770,0.790,5.04M
2018-09-28 10:24:39,1251.HK,0.770,0.810,0.770,0.790,5.04M
2018-09-28 10:24:47,1251.HK,0.770,0.810,0.770,0.790,5.04M
2018-09-28 10:24:53,1251.HK,0.770,0.810,0.770,0.790,5.04M
2018-09-28 10:25:04,1251.HK,0.770,0.810,0.770,0.790,5.04M
2018-09-28 10:25:14,1251.HK,0.770,0.810,0.770,0.790,5.04M
2018-09-28 10:25:28,1251.HK,0.770,0.810,0.770,0.790,5.04M
2018-09-28 10:25:36,1251.HK,0.770,0.810,0.770,0.790,5.04M
2018-09-28 10:25:53,1251.HK,0.770,0.810,0.770,0.790,5.04M
2018-09-28 10:26:02,1251.HK,0.770,0.810,0.770,0.790,5.04M
2018-09-28 10:26:16,1251.HK,0.770,0.810,0.770,0.790,5.04M
2018-09-28 10:26:26,1251.HK,0.770,0.810,0.770,0.790,5.04M
2018-09-28 10:26:32,1251.HK,0.770,0.810,0.770,0.790,5.04M
2018-09-28 10:26:39,1251.HK,0.770,0.810,0.770,0.790,5.04M
2018-09-28 10:26:47,1251.HK,0.770,0.810,0.770,0.790,5.04M
2018-09-28 10:26:55,1251.HK,0.770,0.810,0.770,0.790,5.04M
2018-09-28 10:27:06,1251.HK,0.770,0.810,0.770,0.790,5.04M
2018-09-28 10:27:22,1251.HK,0.770,0.810,0.770,0.790,5.04M
2018-09-28 10:27:34,1251.HK,0.770,0.810,0.770,0.790,5.04M
2018-09-28 10:27:38,1251.HK,0.770,0.810,0.770,0.790,5.04M
2018-09-28 10:27:51,1251.HK,0.770,0.810,0.770,0.790,5.04M
2018-09-28 10:27:58,1251.HK,0.770,0.810,0.770,0.790,5.04M
2018-09-28 10:28:13,1251.HK,0.770,0.810,0.770,0.790,5.04M
2018-09-28 10:28:24,1251.HK,0.770,0.810,0.770,0.780,5.04M
2018-09-28 10:28:36,1251.HK,0.770,0.810,0.770,0.780,5.04M
2018-09-28 10:28:43,1251.HK,0.770,0.810,0.770,0.780,5.04M
2018-09-28 10:28:47,1251.HK,0.770,0.810,0.770,0.780,5.04M
2018-09-28 10:28:55,1251.HK,0.770,0.810,0.770,0.780,5.04M
2018-09-28 10:29:05,1251.HK,0.770,0.810,0.770,0.780,5.04M
2018-09-28 10:29:16,1251.HK,0.770,0.810,0.770,0.780,5.04M
2018-09-28 10:29:29,1251.HK,0.770,0.810,0.770,0.780,5.04M
2018-09-28 10:29:34,1251.HK,0.770,0.810,0.770,0.780,5.04M
2018-09-28 10:29:40,1251.HK,0.770,0.810,0.770,0.780,5.04M
2018-09-28 10:29:49,1251.HK,0.770,0.810,0.770,0.780,5.24M
2018-09-28 10:29:56,1251.HK,0.770,0.810,0.770,0.780,5.24M
2018-09-28 10:30:11,1251.HK,0.770,0.810,0.770,0.780,5.24M
2018-09-28 10:30:30,1251.HK,0.770,0.810,0.770,0.780,5.24M
2018-09-28 10:30:36,1251.HK,0.770,0.810,0.770,0.780,5.24M
2018-09-28 10:30:46,1251.HK,0.770,0.810,0.770,0.780,5.24M
2018-09-28 10:30:54,1251.HK,0.770,0.810,0.770,0.780,5.24M
2018-09-28 10:30:59,1251.HK,0.770,0.810,0.770,0.780,5.24M
2018-09-28 10:31:14,1251.HK,0.770,0.810,0.770,0.780,5.24M
2018-09-28 10:31:32,1251.HK,0.770,0.810,0.770,0.780,5.24M
2018-09-28 10:31:47,1251.HK,0.770,0.810,0.770,0.780,5.24M
2018-09-28 10:31:55,1251.HK,0.770,0.810,0.770,0.780,5.24M
2018-09-28 10:32:06,1251.HK,0.770,0.810,0.770,0.780,5.24M
2018-09-28 10:32:22,1251.HK,0.770,0.810,0.770,0.780,5.24M
2018-09-28 10:32:30,1251.HK,0.770,0.810,0.770,0.780,5.24M
2018-09-28 10:32:37,1251.HK,0.770,0.810,0.770,0.780,5.24M
2018-09-28 10:32:46,1251.HK,0.770,0.810,0.770,0.780,5.24M
2018-09-28 10:32:51,1251.HK,0.770,0.810,0.770,0.780,5.24M
2018-09-28 10:33:00,1251.HK,0.770,0.810,0.770,0.780,5.24M
2018-09-28 10:33:06,1251.HK,0.770,0.810,0.770,0.780,5.24M
2018-09-28 10:33:18,1251.HK,0.770,0.810,0.770,0.780,5.24M
2018-09-28 10:33:24,1251.HK,0.770,0.810,0.770,0.780,5.24M
2018-09-28 10:33:29,1251.HK,0.770,0.810,0.770,0.780,5.24M
2018-09-28 10:33:34,1251.HK,0.770,0.810,0.770,0.780,5.24M
2018-09-28 10:33:39,1251.HK,0.770,0.810,0.770,0.780,5.24M
2018-09-28 10:33:46,1251.HK,0.770,0.810,0.770,0.780,5.24M
2018-09-28 10:33:53,1251.HK,0.770,0.810,0.770,0.780,5.24M
2018-09-28 10:34:05,1251.HK,0.770,0.810,0.770,0.780,5.24M
2018-09-28 10:34:20,1251.HK,0.770,0.810,0.770,0.780,5.24M
2018-09-28 10:34:30,1251.HK,0.770,0.810,0.770,0.780,5.24M
2018-09-28 10:34:35,1251.HK,0.770,0.810,0.770,0.780,5.24M
2018-09-28 10:34:41,1251.HK,0.770,0.810,0.770,0.780,5.24M
2018-09-28 10:34:47,1251.HK,0.770,0.810,0.770,0.780,5.24M
2018-09-28 10:34:52,1251.HK,0.770,0.810,0.770,0.780,5.24M
2018-09-28 10:34:58,1251.HK,0.770,0.810,0.770,0.780,5.24M
2018-09-28 10:35:03,1251.HK,0.770,0.810,0.770,0.780,5.24M
2018-09-28 10:35:12,1251.HK,0.770,0.810,0.770,0.780,5.24M
2018-09-28 10:35:30,1251.HK,0.770,0.810,0.770,0.780,5.24M
2018-09-28 10:35:36,1251.HK,0.770,0.810,0.770,0.780,5.24M
2018-09-28 10:35:43,1251.HK,0.770,0.810,0.770,0.780,5.24M
2018-09-28 10:35:51,1251.HK,0.770,0.810,0.770,0.780,5.24M
2018-09-28 10:36:07,1251.HK,0.770,0.810,0.770,0.780,5.24M
2018-09-28 10:36:20,1251.HK,0.770,0.810,0.770,0.780,5.24M
2018-09-28 10:36:27,1251.HK,0.770,0.810,0.770,0.780,5.24M
2018-09-28 10:36:34,1251.HK,0.770,0.810,0.770,0.780,5.24M
2018-09-28 10:36:38,1251.HK,0.770,0.810,0.770,0.780,5.24M
2018-09-28 10:36:45,1251.HK,0.770,0.810,0.770,0.780,5.24M
2018-09-28 10:36:51,1251.HK,0.770,0.810,0.770,0.780,5.24M
2018-09-28 10:36:59,1251.HK,0.770,0.810,0.770,0.780,5.24M
2018-09-28 10:37:07,1251.HK,0.770,0.810,0.770,0.780,5.24M
2018-09-28 10:37:25,1251.HK,0.770,0.810,0.770,0.780,5.24M
2018-09-28 10:37:35,1251.HK,0.770,0.810,0.770,0.780,5.24M
2018-09-28 10:37:40,1251.HK,0.770,0.810,0.770,0.780,5.24M
2018-09-28 10:37:49,1251.HK,0.770,0.810,0.770,0.780,5.24M
2018-09-28 10:37:58,1251.HK,0.770,0.810,0.770,0.780,5.24M
2018-09-28 10:38:09,1251.HK,0.770,0.810,0.770,0.780,5.24M
2018-09-28 10:38:26,1251.HK,0.770,0.810,0.770,0.780,5.24M
2018-09-28 10:38:38,1251.HK,0.770,0.810,0.770,0.780,5.24M
2018-09-28 10:38:44,1251.HK,0.770,0.810,0.770,0.780,5.24M
2018-09-28 10:38:52,1251.HK,0.770,0.810,0.770,0.780,5.24M
2018-09-28 10:38:58,1251.HK,0.770,0.810,0.770,0.780,5.24M
2018-09-28 10:39:05,1251.HK,0.770,0.810,0.770,0.780,5.24M
2018-09-28 10:39:29,1251.HK,0.770,0.810,0.770,0.780,5.24M
2018-09-28 10:39:39,1251.HK,0.770,0.810,0.770,0.780,5.24M
2018-09-28 10:39:47,1251.HK,0.770,0.810,0.770,0.780,5.24M
2018-09-28 10:39:54,1251.HK,0.770,0.810,0.770,0.780,5.24M
2018-09-28 10:40:04,1251.HK,0.770,0.810,0.770,0.780,5.24M
2018-09-28 10:40:17,1251.HK,0.770,0.810,0.770,0.780,5.24M
2018-09-28 10:40:31,1251.HK,0.770,0.810,0.770,0.780,5.24M
2018-09-28 10:40:44,1251.HK,0.770,0.810,0.770,0.780,5.30M
2018-09-28 10:40:50,1251.HK,0.770,0.810,0.770,0.780,5.30M
2018-09-28 10:40:56,1251.HK,0.770,0.810,0.770,0.780,5.30M
2018-09-28 10:41:08,1251.HK,0.770,0.810,0.770,0.780,5.30M
2018-09-28 10:41:20,1251.HK,0.770,0.810,0.770,0.780,5.30M
2018-09-28 10:41:30,1251.HK,0.770,0.810,0.770,0.780,5.30M
2018-09-28 10:41:48,1251.HK,0.770,0.810,0.770,0.780,5.30M
2018-09-28 10:41:55,1251.HK,0.770,0.810,0.770,0.780,5.30M
2018-09-28 10:42:06,1251.HK,0.770,0.810,0.770,0.780,5.30M
2018-09-28 10:42:23,1251.HK,0.770,0.810,0.770,0.780,5.30M
2018-09-28 10:42:31,1251.HK,0.770,0.810,0.770,0.780,5.30M
2018-09-28 10:42:40,1251.HK,0.770,0.810,0.770,0.780,5.31M
2018-09-28 10:42:46,1251.HK,0.770,0.810,0.770,0.780,5.31M
2018-09-28 10:42:51,1251.HK,0.770,0.810,0.770,0.780,5.31M
2018-09-28 10:42:57,1251.HK,0.770,0.810,0.770,0.780,5.31M
2018-09-28 10:43:06,1251.HK,0.770,0.810,0.770,0.780,5.31M
2018-09-28 10:43:17,1251.HK,0.770,0.810,0.770,0.780,5.31M
2018-09-28 10:43:33,1251.HK,0.770,0.810,0.770,0.780,5.31M
2018-09-28 10:43:42,1251.HK,0.770,0.810,0.770,0.780,5.31M
2018-09-28 10:43:55,1251.HK,0.770,0.810,0.770,0.780,5.31M
2018-09-28 10:44:00,1251.HK,0.770,0.810,0.770,0.780,5.31M
2018-09-28 10:44:26,1251.HK,0.770,0.810,0.770,0.780,5.31M
2018-09-28 10:44:35,1251.HK,0.770,0.810,0.770,0.780,5.31M
2018-09-28 10:44:40,1251.HK,0.770,0.810,0.770,0.780,5.31M
2018-09-28 10:44:47,1251.HK,0.770,0.810,0.770,0.780,5.31M
2018-09-28 10:44:52,1251.HK,0.770,0.810,0.770,0.780,5.31M
2018-09-28 10:45:02,1251.HK,0.770,0.810,0.770,0.780,5.31M
2018-09-28 10:45:15,1251.HK,0.770,0.810,0.770,0.780,5.31M
2018-09-28 10:45:32,1251.HK,0.770,0.810,0.770,0.780,5.31M
2018-09-28 10:45:42,1251.HK,0.770,0.810,0.770,0.780,5.31M
2018-09-28 10:45:55,1251.HK,0.770,0.810,0.770,0.780,5.31M
2018-09-28 10:46:09,1251.HK,0.770,0.810,0.770,0.780,5.31M
2018-09-28 10:46:26,1251.HK,0.770,0.810,0.770,0.780,5.31M
2018-09-28 10:46:36,1251.HK,0.770,0.810,0.770,0.780,5.31M
2018-09-28 10:46:42,1251.HK,0.770,0.810,0.770,0.780,5.31M
2018-09-28 10:46:50,1251.HK,0.770,0.810,0.770,0.780,5.31M
2018-09-28 10:46:59,1251.HK,0.770,0.810,0.770,0.780,5.31M
2018-09-28 10:47:18,1251.HK,0.770,0.810,0.770,0.780,5.31M
2018-09-28 10:47:27,1251.HK,0.770,0.810,0.770,0.780,5.31M
2018-09-28 10:47:34,1251.HK,0.770,0.810,0.770,0.780,5.31M
2018-09-28 10:47:42,1251.HK,0.770,0.810,0.770,0.780,5.31M
2018-09-28 10:47:48,1251.HK,0.770,0.810,0.770,0.780,5.31M
2018-09-28 10:48:12,1251.HK,0.770,0.810,0.770,0.780,5.31M
2018-09-28 10:48:26,1251.HK,0.770,0.810,0.770,0.780,5.31M
2018-09-28 10:48:30,1251.HK,0.770,0.810,0.770,0.780,5.31M
2018-09-28 10:48:40,1251.HK,0.770,0.810,0.770,0.780,5.31M
2018-09-28 10:48:48,1251.HK,0.770,0.810,0.770,0.780,5.31M
2018-09-28 10:48:55,1251.HK,0.770,0.810,0.770,0.780,5.31M
2018-09-28 10:49:08,1251.HK,0.770,0.810,0.770,0.780,5.31M
2018-09-28 10:49:19,1251.HK,0.770,0.810,0.770,0.780,5.31M
2018-09-28 10:49:35,1251.HK,0.770,0.810,0.770,0.780,5.31M
2018-09-28 10:49:51,1251.HK,0.770,0.810,0.770,0.780,5.31M
2018-09-28 10:50:15,1251.HK,0.770,0.810,0.770,0.780,5.31M
2018-09-28 10:50:31,1251.HK,0.770,0.810,0.770,0.780,5.31M
2018-09-28 10:50:39,1251.HK,0.770,0.810,0.770,0.780,5.31M
2018-09-28 10:50:44,1251.HK,0.770,0.810,0.770,0.780,5.31M
2018-09-28 10:50:51,1251.HK,0.770,0.810,0.770,0.780,5.31M
2018-09-28 10:50:58,1251.HK,0.770,0.810,0.770,0.780,5.31M
2018-09-28 10:51:11,1251.HK,0.770,0.810,0.770,0.780,5.31M
2018-09-28 10:51:15,1251.HK,0.770,0.810,0.770,0.780,5.31M
2018-09-28 10:51:30,1251.HK,0.770,0.810,0.770,0.780,5.32M
2018-09-28 10:51:40,1251.HK,0.770,0.810,0.770,0.780,5.32M
2018-09-28 10:51:54,1251.HK,0.770,0.810,0.770,0.780,5.32M
2018-09-28 10:52:13,1251.HK,0.770,0.810,0.770,0.780,5.32M
2018-09-28 10:52:19,1251.HK,0.770,0.810,0.770,0.780,5.32M
2018-09-28 10:52:30,1251.HK,0.770,0.810,0.770,0.780,5.32M
2018-09-28 10:52:35,1251.HK,0.770,0.810,0.770,0.780,5.32M
2018-09-28 10:52:41,1251.HK,0.770,0.810,0.770,0.780,5.32M
2018-09-28 10:52:47,1251.HK,0.770,0.810,0.770,0.780,5.32M
2018-09-28 10:52:52,1251.HK,0.770,0.810,0.770,0.780,5.32M
2018-09-28 10:53:00,1251.HK,0.770,0.810,0.770,0.780,5.32M
2018-09-28 10:53:19,1251.HK,0.770,0.810,0.770,0.780,5.32M
2018-09-28 10:53:32,1251.HK,0.770,0.810,0.770,0.780,5.32M
2018-09-28 10:53:39,1251.HK,0.770,0.810,0.770,0.780,5.32M
2018-09-28 10:53:50,1251.HK,0.770,0.810,0.770,0.780,5.32M
2018-09-28 10:53:59,1251.HK,0.770,0.810,0.770,0.780,5.32M
2018-09-28 10:54:19,1251.HK,0.770,0.810,0.770,0.780,5.32M
2018-09-28 10:54:35,1251.HK,0.770,0.810,0.770,0.780,5.32M
2018-09-28 10:54:40,1251.HK,0.770,0.810,0.770,0.780,5.32M
2018-09-28 10:54:46,1251.HK,0.770,0.810,0.770,0.780,5.32M
2018-09-28 10:54:52,1251.HK,0.770,0.810,0.770,0.780,5.32M
2018-09-28 10:55:00,1251.HK,0.770,0.810,0.770,0.780,5.32M
2018-09-28 10:55:08,1251.HK,0.770,0.810,0.770,0.780,5.32M
2018-09-28 10:55:31,1251.HK,0.770,0.810,0.770,0.780,5.32M
2018-09-28 10:55:36,1251.HK,0.770,0.810,0.770,0.780,5.32M
2018-09-28 10:55:42,1251.HK,0.770,0.810,0.770,0.780,5.32M
2018-09-28 10:55:48,1251.HK,0.770,0.810,0.770,0.780,5.32M
2018-09-28 10:55:53,1251.HK,0.770,0.810,0.770,0.780,5.32M
2018-09-28 10:56:13,1251.HK,0.770,0.810,0.770,0.780,5.32M
2018-09-28 10:56:26,1251.HK,0.770,0.810,0.770,0.780,5.32M
2018-09-28 10:56:34,1251.HK,0.770,0.810,0.770,0.780,5.32M
2018-09-28 10:56:39,1251.HK,0.770,0.810,0.770,0.780,5.32M
2018-09-28 10:56:47,1251.HK,0.770,0.810,0.770,0.780,5.32M
2018-09-28 10:56:51,1251.HK,0.770,0.810,0.770,0.780,5.32M
2018-09-28 10:56:57,1251.HK,0.770,0.810,0.770,0.780,5.32M
2018-09-28 10:57:05,1251.HK,0.770,0.810,0.770,0.780,5.32M
2018-09-28 10:57:18,1251.HK,0.770,0.810,0.770,0.780,5.32M
2018-09-28 10:57:31,1251.HK,0.770,0.810,0.770,0.780,5.32M
2018-09-28 10:57:36,1251.HK,0.770,0.810,0.770,0.780,5.32M
2018-09-28 10:57:43,1251.HK,0.770,0.810,0.770,0.780,5.32M
2018-09-28 10:57:48,1251.HK,0.770,0.810,0.770,0.780,5.32M
2018-09-28 10:58:00,1251.HK,0.770,0.810,0.770,0.780,5.32M
2018-09-28 10:58:13,1251.HK,0.770,0.810,0.770,0.780,5.32M
2018-09-28 10:58:28,1251.HK,0.770,0.810,0.770,0.780,5.32M
2018-09-28 10:58:32,1251.HK,0.770,0.810,0.770,0.780,5.32M
2018-09-28 10:58:41,1251.HK,0.770,0.810,0.770,0.780,5.32M
2018-09-28 10:58:46,1251.HK,0.770,0.810,0.770,0.780,5.32M
2018-09-28 10:58:55,1251.HK,0.770,0.810,0.770,0.780,5.32M
2018-09-28 10:59:00,1251.HK,0.770,0.810,0.770,0.780,5.32M
2018-09-28 10:59:08,1251.HK,0.770,0.810,0.770,0.780,5.33M
2018-09-28 10:59:29,1251.HK,0.770,0.810,0.770,0.780,5.33M
2018-09-28 10:59:35,1251.HK,0.770,0.810,0.770,0.780,5.33M
2018-09-28 10:59:49,1251.HK,0.770,0.810,0.770,0.780,5.33M
2018-09-28 11:00:15,1251.HK,0.770,0.810,0.770,0.780,5.33M
2018-09-28 11:00:26,1251.HK,0.770,0.810,0.770,0.780,5.33M
2018-09-28 11:00:31,1251.HK,0.770,0.810,0.770,0.780,5.33M
2018-09-28 11:00:35,1251.HK,0.770,0.810,0.770,0.780,5.33M
2018-09-28 11:00:40,1251.HK,0.770,0.810,0.770,0.780,5.33M
2018-09-28 11:00:48,1251.HK,0.770,0.810,0.770,0.780,5.33M
2018-09-28 11:00:56,1251.HK,0.770,0.810,0.770,0.780,5.33M
2018-09-28 11:01:00,1251.HK,0.770,0.810,0.770,0.780,5.33M
2018-09-28 11:01:12,1251.HK,0.770,0.810,0.770,0.780,5.33M
2018-09-28 11:01:20,1251.HK,0.770,0.810,0.770,0.780,5.33M
2018-09-28 11:01:31,1251.HK,0.770,0.810,0.770,0.780,5.33M
2018-09-28 11:01:40,1251.HK,0.770,0.810,0.770,0.780,5.33M
2018-09-28 11:01:46,1251.HK,0.770,0.810,0.770,0.780,5.33M
2018-09-28 11:02:04,1251.HK,0.770,0.810,0.770,0.780,5.33M
2018-09-28 11:02:19,1251.HK,0.770,0.810,0.770,0.780,5.49M
2018-09-28 11:02:28,1251.HK,0.770,0.810,0.770,0.780,5.59M
2018-09-28 11:02:33,1251.HK,0.770,0.810,0.770,0.780,5.59M
2018-09-28 11:02:38,1251.HK,0.770,0.810,0.770,0.780,5.60M
2018-09-28 11:02:43,1251.HK,0.770,0.810,0.770,0.780,5.60M
2018-09-28 11:02:49,1251.HK,0.770,0.810,0.770,0.780,5.60M
2018-09-28 11:03:02,1251.HK,0.770,0.810,0.770,0.780,5.60M
2018-09-28 11:03:15,1251.HK,0.770,0.810,0.770,0.780,5.60M
2018-09-28 11:03:29,1251.HK,0.770,0.810,0.770,0.780,5.60M
2018-09-28 11:03:43,1251.HK,0.770,0.810,0.770,0.780,5.60M
2018-09-28 11:03:54,1251.HK,0.770,0.810,0.770,0.780,5.60M
2018-09-28 11:04:06,1251.HK,0.770,0.810,0.770,0.780,5.60M
2018-09-28 11:04:33,1251.HK,0.770,0.810,0.770,0.780,5.60M
2018-09-28 11:04:43,1251.HK,0.770,0.810,0.770,0.780,5.60M
2018-09-28 11:04:49,1251.HK,0.770,0.810,0.770,0.780,5.60M
2018-09-28 11:04:57,1251.HK,0.770,0.810,0.770,0.780,5.60M
2018-09-28 11:05:12,1251.HK,0.770,0.810,0.770,0.780,5.60M
2018-09-28 11:05:30,1251.HK,0.770,0.810,0.770,0.780,5.60M
2018-09-28 11:05:38,1251.HK,0.770,0.810,0.770,0.780,5.60M
2018-09-28 11:05:51,1251.HK,0.770,0.810,0.770,0.780,5.60M
2018-09-28 11:06:02,1251.HK,0.770,0.810,0.770,0.780,5.60M
2018-09-28 11:06:15,1251.HK,0.770,0.810,0.770,0.780,5.60M
2018-09-28 11:06:28,1251.HK,0.770,0.810,0.770,0.780,5.61M
2018-09-28 11:06:32,1251.HK,0.770,0.810,0.770,0.780,5.61M
2018-09-28 11:06:40,1251.HK,0.770,0.810,0.770,0.780,5.61M
2018-09-28 11:06:48,1251.HK,0.770,0.810,0.770,0.780,5.61M
2018-09-28 11:06:55,1251.HK,0.770,0.810,0.770,0.780,5.61M
2018-09-28 11:07:01,1251.HK,0.770,0.810,0.770,0.780,5.61M
2018-09-28 11:07:07,1251.HK,0.770,0.810,0.770,0.780,5.61M
2018-09-28 11:07:23,1251.HK,0.770,0.810,0.770,0.780,5.61M
2018-09-28 11:07:29,1251.HK,0.770,0.810,0.770,0.780,5.61M
2018-09-28 11:07:49,1251.HK,0.770,0.810,0.770,0.780,5.61M
2018-09-28 11:07:59,1251.HK,0.770,0.810,0.770,0.780,5.61M
2018-09-28 11:08:12,1251.HK,0.770,0.810,0.770,0.780,5.61M
2018-09-28 11:08:26,1251.HK,0.770,0.810,0.770,0.780,5.61M
2018-09-28 11:08:39,1251.HK,0.770,0.810,0.770,0.780,5.61M
2018-09-28 11:08:50,1251.HK,0.770,0.810,0.770,0.780,5.61M
2018-09-28 11:08:59,1251.HK,0.770,0.810,0.770,0.780,5.61M
2018-09-28 11:09:13,1251.HK,0.770,0.810,0.770,0.780,5.61M
2018-09-28 11:09:19,1251.HK,0.770,0.810,0.770,0.780,5.61M
2018-09-28 11:09:37,1251.HK,0.770,0.810,0.770,0.790,5.62M
2018-09-28 11:09:50,1251.HK,0.770,0.810,0.770,0.790,5.62M
2018-09-28 11:10:06,1251.HK,0.770,0.810,0.770,0.790,5.62M
2018-09-28 11:10:15,1251.HK,0.770,0.810,0.770,0.790,5.62M
2018-09-28 11:10:30,1251.HK,0.770,0.810,0.770,0.790,5.62M
2018-09-28 11:10:39,1251.HK,0.770,0.810,0.770,0.790,5.62M
2018-09-28 11:10:58,1251.HK,0.770,0.810,0.770,0.790,5.62M
2018-09-28 11:11:18,1251.HK,0.770,0.810,0.770,0.790,5.62M
2018-09-28 11:11:37,1251.HK,0.770,0.810,0.770,0.790,5.62M
2018-09-28 11:11:53,1251.HK,0.770,0.810,0.770,0.790,5.62M
2018-09-28 11:12:17,1251.HK,0.770,0.810,0.770,0.780,5.63M
2018-09-28 11:12:32,1251.HK,0.770,0.810,0.770,0.780,5.63M
2018-09-28 11:12:52,1251.HK,0.770,0.810,0.770,0.780,5.63M
2018-09-28 11:13:15,1251.HK,0.770,0.810,0.770,0.780,5.63M
2018-09-28 11:13:32,1251.HK,0.770,0.810,0.770,0.780,5.63M
2018-09-28 11:13:45,1251.HK,0.770,0.810,0.770,0.780,5.63M
2018-09-28 11:14:07,1251.HK,0.770,0.810,0.770,0.780,5.63M
2018-09-28 11:14:25,1251.HK,0.770,0.810,0.770,0.780,5.63M
2018-09-28 11:14:42,1251.HK,0.770,0.810,0.770,0.780,5.63M
2018-09-28 11:14:56,1251.HK,0.770,0.810,0.770,0.790,5.66M
2018-09-28 11:15:16,1251.HK,0.770,0.810,0.770,0.790,5.66M
2018-09-28 11:15:35,1251.HK,0.770,0.810,0.770,0.790,5.66M
2018-09-28 11:15:51,1251.HK,0.770,0.810,0.770,0.790,5.66M
2018-09-28 11:16:15,1251.HK,0.770,0.810,0.770,0.790,5.66M
2018-09-28 11:16:34,1251.HK,0.770,0.810,0.770,0.790,5.66M
2018-09-28 11:16:48,1251.HK,0.770,0.810,0.770,0.790,5.66M
2018-09-28 11:17:04,1251.HK,0.770,0.810,0.770,0.790,5.66M
2018-09-28 11:17:22,1251.HK,0.770,0.810,0.770,0.790,5.66M
2018-09-28 11:17:42,1251.HK,0.770,0.810,0.770,0.790,5.66M
2018-09-28 11:17:55,1251.HK,0.770,0.810,0.770,0.790,5.66M
2018-09-28 11:18:25,1251.HK,0.770,0.810,0.770,0.790,5.66M
2018-09-28 11:18:42,1251.HK,0.770,0.810,0.770,0.790,5.66M
2018-09-28 11:18:58,1251.HK,0.770,0.810,0.770,0.790,5.66M
2018-09-28 11:19:19,1251.HK,0.770,0.810,0.770,0.790,5.66M
2018-09-28 11:19:43,1251.HK,0.770,0.810,0.770,0.790,5.66M
2018-09-28 11:20:08,1251.HK,0.770,0.810,0.770,0.790,5.66M
2018-09-28 11:20:26,1251.HK,0.770,0.810,0.770,0.790,5.66M
2018-09-28 11:20:46,1251.HK,0.770,0.810,0.770,0.790,5.66M
2018-09-28 11:20:57,1251.HK,0.770,0.810,0.770,0.790,5.66M
2018-09-28 11:21:16,1251.HK,0.770,0.810,0.770,0.790,5.66M
2018-09-28 11:21:30,1251.HK,0.770,0.810,0.770,0.790,5.66M
2018-09-28 11:21:43,1251.HK,0.770,0.810,0.770,0.790,5.66M
2018-09-28 11:21:58,1251.HK,0.770,0.810,0.770,0.790,5.66M
2018-09-28 11:22:20,1251.HK,0.770,0.810,0.770,0.790,5.66M
2018-09-28 11:22:40,1251.HK,0.770,0.810,0.770,0.790,5.66M
2018-09-28 11:22:58,1251.HK,0.770,0.810,0.770,0.790,5.66M
2018-09-28 11:23:08,1251.HK,0.770,0.810,0.770,0.790,5.66M
2018-09-28 11:23:33,1251.HK,0.770,0.810,0.770,0.790,5.66M
2018-09-28 11:23:47,1251.HK,0.770,0.810,0.770,0.790,5.66M
2018-09-28 11:24:17,1251.HK,0.770,0.810,0.770,0.780,5.66M
2018-09-28 11:24:34,1251.HK,0.770,0.810,0.770,0.780,5.66M
2018-09-28 11:24:49,1251.HK,0.770,0.810,0.770,0.780,5.66M
2018-09-28 11:25:02,1251.HK,0.770,0.810,0.770,0.780,5.66M
2018-09-28 11:25:27,1251.HK,0.770,0.810,0.770,0.780,5.66M
2018-09-28 11:25:46,1251.HK,0.770,0.810,0.770,0.780,5.66M
2018-09-28 11:26:04,1251.HK,0.770,0.810,0.770,0.780,5.66M
2018-09-28 11:26:30,1251.HK,0.770,0.810,0.770,0.780,5.66M
2018-09-28 11:26:44,1251.HK,0.770,0.810,0.770,0.780,5.66M
2018-09-28 11:26:58,1251.HK,0.770,0.810,0.770,0.780,5.66M
2018-09-28 11:27:24,1251.HK,0.770,0.810,0.770,0.780,5.66M
2018-09-28 11:27:34,1251.HK,0.770,0.810,0.770,0.780,5.66M
2018-09-28 11:27:50,1251.HK,0.770,0.810,0.770,0.780,5.66M
2018-09-28 11:28:07,1251.HK,0.770,0.810,0.770,0.780,5.66M
2018-09-28 11:28:34,1251.HK,0.770,0.810,0.770,0.780,5.66M
2018-09-28 11:28:46,1251.HK,0.770,0.810,0.770,0.780,5.66M
2018-09-28 11:29:00,1251.HK,0.770,0.810,0.770,0.780,5.66M
2018-09-28 11:29:13,1251.HK,0.770,0.810,0.770,0.780,5.66M
2018-09-28 11:29:35,1251.HK,0.770,0.810,0.770,0.780,5.66M
2018-09-28 11:29:53,1251.HK,0.770,0.810,0.770,0.780,5.66M
2018-09-28 11:30:30,1251.HK,0.770,0.810,0.770,0.780,5.66M
2018-09-28 11:30:44,1251.HK,0.770,0.810,0.770,0.780,5.66M
2018-09-28 11:30:51,1251.HK,0.770,0.810,0.770,0.780,5.66M
2018-09-28 11:31:09,1251.HK,0.770,0.810,0.770,0.780,5.66M
2018-09-28 11:31:26,1251.HK,0.770,0.810,0.770,0.780,5.66M
2018-09-28 11:31:43,1251.HK,0.770,0.810,0.770,0.780,5.66M
2018-09-28 11:31:57,1251.HK,0.770,0.810,0.770,0.780,5.66M
2018-09-28 11:32:14,1251.HK,0.770,0.810,0.770,0.780,5.66M
2018-09-28 11:32:32,1251.HK,0.770,0.810,0.770,0.780,5.66M
2018-09-28 11:32:44,1251.HK,0.770,0.810,0.770,0.780,5.66M
2018-09-28 11:32:56,1251.HK,0.770,0.810,0.770,0.780,5.66M
2018-09-28 11:33:13,1251.HK,0.770,0.810,0.770,0.780,5.66M
2018-09-28 11:33:38,1251.HK,0.770,0.810,0.770,0.780,5.66M
2018-09-28 11:33:51,1251.HK,0.770,0.810,0.770,0.780,5.66M
2018-09-28 11:34:17,1251.HK,0.770,0.810,0.770,0.780,5.66M
2018-09-28 11:34:44,1251.HK,0.770,0.810,0.770,0.780,5.66M
2018-09-28 11:35:03,1251.HK,0.770,0.810,0.770,0.780,5.66M
2018-09-28 11:35:16,1251.HK,0.770,0.810,0.770,0.780,5.66M
2018-09-28 11:35:40,1251.HK,0.770,0.810,0.770,0.780,5.66M
2018-09-28 11:35:56,1251.HK,0.770,0.810,0.770,0.780,5.66M
2018-09-28 11:36:17,1251.HK,0.770,0.810,0.770,0.780,5.66M
2018-09-28 11:36:29,1251.HK,0.770,0.810,0.770,0.780,5.66M
2018-09-28 11:36:47,1251.HK,0.770,0.810,0.770,0.780,5.66M
2018-09-28 11:36:59,1251.HK,0.770,0.810,0.770,0.780,5.66M
2018-09-28 11:37:12,1251.HK,0.770,0.810,0.770,0.780,5.66M
2018-09-28 11:37:22,1251.HK,0.770,0.810,0.770,0.780,5.66M
2018-09-28 11:37:42,1251.HK,0.770,0.810,0.770,0.780,5.66M
2018-09-28 11:37:55,1251.HK,0.770,0.810,0.770,0.780,5.66M
2018-09-28 11:38:12,1251.HK,0.770,0.810,0.770,0.780,5.66M
2018-09-28 11:38:28,1251.HK,0.770,0.810,0.770,0.780,5.66M
2018-09-28 11:38:41,1251.HK,0.770,0.810,0.770,0.780,5.66M
2018-09-28 11:38:56,1251.HK,0.770,0.810,0.770,0.780,5.66M
2018-09-28 11:39:09,1251.HK,0.770,0.810,0.770,0.780,5.66M
2018-09-28 11:39:30,1251.HK,0.770,0.810,0.770,0.780,5.66M
2018-09-28 11:39:42,1251.HK,0.770,0.810,0.770,0.780,5.66M
2018-09-28 11:39:56,1251.HK,0.770,0.810,0.770,0.780,5.67M
2018-09-28 11:40:20,1251.HK,0.770,0.810,0.770,0.780,5.67M
2018-09-28 11:40:36,1251.HK,0.770,0.810,0.770,0.780,5.67M
2018-09-28 11:40:49,1251.HK,0.770,0.810,0.770,0.780,5.67M
2018-09-28 11:41:01,1251.HK,0.770,0.810,0.770,0.780,5.67M
2018-09-28 11:41:25,1251.HK,0.770,0.810,0.770,0.780,5.67M
2018-09-28 11:41:43,1251.HK,0.770,0.810,0.770,0.780,5.67M
2018-09-28 11:42:03,1251.HK,0.770,0.810,0.770,0.780,5.67M
2018-09-28 11:42:34,1251.HK,0.770,0.810,0.770,0.780,5.67M
2018-09-28 11:42:48,1251.HK,0.770,0.810,0.770,0.780,5.69M
2018-09-28 11:43:03,1251.HK,0.770,0.810,0.770,0.780,5.69M
2018-09-28 11:43:28,1251.HK,0.770,0.810,0.770,0.780,5.69M
2018-09-28 11:43:47,1251.HK,0.770,0.810,0.770,0.780,5.69M
2018-09-28 11:44:12,1251.HK,0.770,0.810,0.770,0.780,5.69M
2018-09-28 11:44:30,1251.HK,0.770,0.810,0.770,0.780,5.69M
2018-09-28 11:44:45,1251.HK,0.770,0.810,0.770,0.780,5.69M
2018-09-28 11:45:01,1251.HK,0.770,0.810,0.770,0.780,5.69M
2018-09-28 11:45:14,1251.HK,0.770,0.810,0.770,0.780,5.69M
2018-09-28 11:45:38,1251.HK,0.770,0.810,0.770,0.780,5.69M
2018-09-28 11:45:56,1251.HK,0.770,0.810,0.770,0.780,5.69M
2018-09-28 11:46:20,1251.HK,0.770,0.810,0.770,0.780,5.69M
2018-09-28 11:46:39,1251.HK,0.770,0.810,0.770,0.780,5.69M
2018-09-28 11:47:01,1251.HK,0.770,0.810,0.770,0.780,5.69M
2018-09-28 11:47:18,1251.HK,0.770,0.810,0.770,0.780,5.70M
2018-09-28 11:47:34,1251.HK,0.770,0.810,0.770,0.780,5.70M
2018-09-28 11:47:53,1251.HK,0.770,0.810,0.770,0.780,5.70M
2018-09-28 11:48:16,1251.HK,0.770,0.810,0.770,0.780,5.70M
2018-09-28 11:48:34,1251.HK,0.770,0.810,0.770,0.780,5.70M
2018-09-28 11:48:46,1251.HK,0.770,0.810,0.770,0.780,5.70M
2018-09-28 11:49:07,1251.HK,0.770,0.810,0.770,0.780,5.70M
2018-09-28 11:49:21,1251.HK,0.770,0.810,0.770,0.780,5.70M
2018-09-28 11:49:38,1251.HK,0.770,0.810,0.770,0.780,5.70M
2018-09-28 11:49:52,1251.HK,0.770,0.810,0.770,0.780,5.70M
2018-09-28 11:50:12,1251.HK,0.770,0.810,0.770,0.780,5.70M
2018-09-28 11:50:26,1251.HK,0.770,0.810,0.770,0.780,5.70M
2018-09-28 11:50:42,1251.HK,0.770,0.810,0.770,0.780,5.70M
2018-09-28 11:51:01,1251.HK,0.770,0.810,0.770,0.780,5.70M
2018-09-28 11:51:16,1251.HK,0.770,0.810,0.770,0.780,5.70M
2018-09-28 11:51:31,1251.HK,0.770,0.810,0.770,0.780,5.70M
2018-09-28 11:51:49,1251.HK,0.770,0.810,0.770,0.780,5.71M
2018-09-28 11:52:00,1251.HK,0.770,0.810,0.770,0.780,5.71M
2018-09-28 11:52:17,1251.HK,0.770,0.810,0.770,0.780,5.71M
2018-09-28 11:52:36,1251.HK,0.770,0.810,0.770,0.780,5.71M
2018-09-28 11:52:56,1251.HK,0.770,0.810,0.770,0.780,5.71M
2018-09-28 11:53:09,1251.HK,0.770,0.810,0.770,0.780,5.71M
2018-09-28 11:53:35,1251.HK,0.770,0.810,0.770,0.780,5.71M
2018-09-28 11:53:50,1251.HK,0.770,0.810,0.770,0.780,5.71M
2018-09-28 11:54:11,1251.HK,0.770,0.810,0.770,0.780,5.71M
2018-09-28 11:54:28,1251.HK,0.770,0.810,0.770,0.780,5.71M
2018-09-28 11:54:44,1251.HK,0.770,0.810,0.770,0.780,5.71M
2018-09-28 11:54:58,1251.HK,0.770,0.810,0.770,0.780,5.71M
2018-09-28 11:55:13,1251.HK,0.770,0.810,0.770,0.780,5.71M
2018-09-28 11:55:30,1251.HK,0.770,0.810,0.770,0.780,5.71M
2018-09-28 11:55:43,1251.HK,0.770,0.810,0.770,0.780,5.71M
2018-09-28 11:56:02,1251.HK,0.770,0.810,0.770,0.780,5.71M
2018-09-28 11:56:21,1251.HK,0.770,0.810,0.770,0.780,5.71M
2018-09-28 11:56:34,1251.HK,0.770,0.810,0.770,0.780,5.71M
2018-09-28 11:56:47,1251.HK,0.770,0.810,0.770,0.780,5.71M
2018-09-28 11:57:01,1251.HK,0.770,0.810,0.770,0.780,5.71M
2018-09-28 11:57:22,1251.HK,0.770,0.810,0.770,0.780,5.71M
2018-09-28 11:57:38,1251.HK,0.770,0.810,0.770,0.780,5.71M
2018-09-28 11:57:53,1251.HK,0.770,0.810,0.770,0.780,5.71M
2018-09-28 11:58:12,1251.HK,0.770,0.810,0.770,0.780,5.71M
2018-09-28 11:58:23,1251.HK,0.770,0.810,0.770,0.780,5.71M
2018-09-28 11:58:43,1251.HK,0.770,0.810,0.770,0.780,5.71M
2018-09-28 11:58:56,1251.HK,0.770,0.810,0.770,0.780,5.71M
2018-09-28 11:59:12,1251.HK,0.770,0.810,0.770,0.780,5.71M
2018-09-28 11:59:34,1251.HK,0.770,0.810,0.770,0.780,5.73M
2018-09-28 11:59:46,1251.HK,0.770,0.810,0.770,0.780,5.73M
2018-09-28 12:00:04,1251.HK,0.770,0.810,0.770,0.780,5.73M
2018-09-28 12:00:20,1251.HK,0.770,0.810,0.770,0.780,5.73M
2018-09-28 12:00:37,1251.HK,0.770,0.810,0.770,0.780,5.73M
2018-09-28 12:00:51,1251.HK,0.770,0.810,0.770,0.780,5.73M
2018-09-28 12:01:03,1251.HK,0.770,0.810,0.770,0.780,5.73M
2018-09-28 12:01:24,1251.HK,0.770,0.810,0.770,0.780,5.73M
2018-09-28 12:01:39,1251.HK,0.770,0.810,0.770,0.780,5.73M
2018-09-28 12:01:49,1251.HK,0.770,0.810,0.770,0.780,5.73M
2018-09-28 12:02:01,1251.HK,0.770,0.810,0.770,0.780,5.73M
2018-09-28 12:02:24,1251.HK,0.770,0.810,0.770,0.780,5.73M
2018-09-28 12:02:41,1251.HK,0.770,0.810,0.770,0.780,5.73M
2018-09-28 12:02:58,1251.HK,0.770,0.810,0.770,0.780,5.73M
2018-09-28 12:03:14,1251.HK,0.770,0.810,0.770,0.780,5.73M
2018-09-28 12:03:27,1251.HK,0.770,0.810,0.770,0.780,5.73M
2018-09-28 12:03:43,1251.HK,0.770,0.810,0.770,0.780,5.73M
2018-09-28 12:03:57,1251.HK,0.770,0.810,0.770,0.780,5.73M
2018-09-28 12:04:16,1251.HK,0.770,0.810,0.770,0.780,5.73M
2018-09-28 12:04:33,1251.HK,0.770,0.810,0.770,0.780,5.73M
2018-09-28 12:04:44,1251.HK,0.770,0.810,0.770,0.780,5.73M
2018-09-28 12:04:56,1251.HK,0.770,0.810,0.770,0.780,5.73M
2018-09-28 12:05:13,1251.HK,0.770,0.810,0.770,0.780,5.73M
2018-09-28 12:05:37,1251.HK,0.770,0.810,0.770,0.780,5.73M
2018-09-28 12:05:58,1251.HK,0.770,0.810,0.770,0.780,5.73M
2018-09-28 12:06:14,1251.HK,0.770,0.810,0.770,0.780,5.73M
2018-09-28 12:06:29,1251.HK,0.770,0.810,0.770,0.780,5.73M
2018-09-28 12:06:52,1251.HK,0.770,0.810,0.770,0.780,5.73M
2018-09-28 12:07:12,1251.HK,0.770,0.810,0.770,0.780,5.73M
2018-09-28 12:07:34,1251.HK,0.770,0.810,0.770,0.780,5.73M
2018-09-28 12:07:47,1251.HK,0.770,0.810,0.770,0.780,5.73M
2018-09-28 12:08:14,1251.HK,0.770,0.810,0.770,0.780,5.73M
2018-09-28 12:08:40,1251.HK,0.770,0.810,0.770,0.780,5.73M
2018-09-28 12:08:59,1251.HK,0.770,0.810,0.770,0.780,5.73M
2018-09-28 12:09:23,1251.HK,0.770,0.810,0.770,0.780,5.73M
2018-09-28 12:09:36,1251.HK,0.770,0.810,0.770,0.780,5.73M
2018-09-28 12:09:48,1251.HK,0.770,0.810,0.770,0.780,5.73M
2018-09-28 12:10:00,1251.HK,0.770,0.810,0.770,0.780,5.73M
2018-09-28 12:10:14,1251.HK,0.770,0.810,0.770,0.780,5.73M
2018-09-28 12:10:35,1251.HK,0.770,0.810,0.770,0.780,5.73M
2018-09-28 12:10:46,1251.HK,0.770,0.810,0.770,0.780,5.73M
2018-09-28 12:10:58,1251.HK,0.770,0.810,0.770,0.780,5.73M
2018-09-28 12:11:18,1251.HK,0.770,0.810,0.770,0.780,5.73M
2018-09-28 12:11:37,1251.HK,0.770,0.810,0.770,0.780,5.73M
2018-09-28 12:11:49,1251.HK,0.770,0.810,0.770,0.780,5.73M
2018-09-28 12:12:07,1251.HK,0.770,0.810,0.770,0.780,5.73M
2018-09-28 12:12:14,1251.HK,0.770,0.810,0.770,0.780,5.73M
2018-09-28 12:12:37,1251.HK,0.770,0.810,0.770,0.780,5.73M
2018-09-28 12:12:50,1251.HK,0.770,0.810,0.770,0.780,5.73M
2018-09-28 12:13:08,1251.HK,0.770,0.810,0.770,0.780,5.73M
2018-09-28 12:13:24,1251.HK,0.770,0.810,0.770,0.780,5.73M
2018-09-28 12:13:41,1251.HK,0.770,0.810,0.770,0.780,5.73M
2018-09-28 12:13:52,1251.HK,0.770,0.810,0.770,0.780,5.73M
2018-09-28 12:14:11,1251.HK,0.770,0.810,0.770,0.780,5.73M
2018-09-28 12:14:24,1251.HK,0.770,0.810,0.770,0.780,5.73M
2018-09-28 12:14:39,1251.HK,0.770,0.810,0.770,0.780,5.73M
2018-09-28 12:14:50,1251.HK,0.770,0.810,0.770,0.780,5.73M
2018-09-28 12:15:17,1251.HK,0.770,0.810,0.770,0.780,5.73M
2018-09-28 12:15:26,1251.HK,0.770,0.810,0.770,0.780,5.73M
2018-09-28 12:15:42,1251.HK,0.770,0.810,0.770,0.780,5.73M
2018-09-28 12:15:58,1251.HK,0.770,0.810,0.770,0.780,5.73M
2018-09-28 12:16:13,1251.HK,0.770,0.810,0.770,0.780,5.73M
2018-09-28 12:16:28,1251.HK,0.770,0.810,0.770,0.780,5.73M
2018-09-28 12:16:40,1251.HK,0.770,0.810,0.770,0.780,5.73M
2018-09-28 12:16:56,1251.HK,0.770,0.810,0.770,0.780,5.73M
2018-09-28 12:17:14,1251.HK,0.770,0.810,0.770,0.780,5.73M
2018-09-28 12:17:35,1251.HK,0.770,0.810,0.770,0.780,5.73M
2018-09-28 12:17:55,1251.HK,0.770,0.810,0.770,0.780,5.73M
2018-09-28 12:18:08,1251.HK,0.770,0.810,0.770,0.780,5.73M
2018-09-28 12:18:36,1251.HK,0.770,0.810,0.770,0.780,5.73M
2018-09-28 12:18:51,1251.HK,0.770,0.810,0.770,0.780,5.73M
2018-09-28 12:19:07,1251.HK,0.770,0.810,0.770,0.780,5.73M
2018-09-28 12:19:32,1251.HK,0.770,0.810,0.770,0.780,5.73M
2018-09-28 12:19:51,1251.HK,0.770,0.810,0.770,0.780,5.73M
2018-09-28 12:20:06,1251.HK,0.770,0.810,0.770,0.780,5.73M
2018-09-28 12:20:33,1251.HK,0.770,0.810,0.770,0.780,5.73M
2018-09-28 12:20:41,1251.HK,0.770,0.810,0.770,0.780,5.73M
2018-09-28 12:20:56,1251.HK,0.770,0.810,0.770,0.780,5.73M
2018-09-28 12:21:08,1251.HK,0.770,0.810,0.770,0.780,5.73M
2018-09-28 12:21:22,1251.HK,0.770,0.810,0.770,0.780,5.73M
2018-09-28 12:21:39,1251.HK,0.770,0.810,0.770,0.780,5.73M
2018-09-28 12:21:55,1251.HK,0.770,0.810,0.770,0.780,5.73M
2018-09-28 12:22:18,1251.HK,0.770,0.810,0.770,0.780,5.73M
2018-09-28 12:22:38,1251.HK,0.770,0.810,0.770,0.780,5.73M
2018-09-28 12:22:55,1251.HK,0.770,0.810,0.770,0.780,5.73M
2018-09-28 12:23:12,1251.HK,0.770,0.810,0.770,0.780,5.73M
2018-09-28 12:23:35,1251.HK,0.770,0.810,0.770,0.780,5.73M
2018-09-28 12:23:50,1251.HK,0.770,0.810,0.770,0.780,5.73M
2018-09-28 12:24:23,1251.HK,0.770,0.810,0.770,0.780,5.73M
2018-09-28 12:24:36,1251.HK,0.770,0.810,0.770,0.780,5.73M
2018-09-28 12:24:49,1251.HK,0.770,0.810,0.770,0.780,5.73M
2018-09-28 12:25:04,1251.HK,0.770,0.810,0.770,0.780,5.73M
2018-09-28 12:25:24,1251.HK,0.770,0.810,0.770,0.780,5.73M
2018-09-28 12:25:39,1251.HK,0.770,0.810,0.770,0.780,5.73M
2018-09-28 12:25:54,1251.HK,0.770,0.810,0.770,0.780,5.73M
2018-09-28 12:26:09,1251.HK,0.770,0.810,0.770,0.780,5.73M
2018-09-28 12:26:21,1251.HK,0.770,0.810,0.770,0.780,5.73M
2018-09-28 12:26:48,1251.HK,0.770,0.810,0.770,0.780,5.73M
2018-09-28 12:27:04,1251.HK,0.770,0.810,0.770,0.780,5.73M
2018-09-28 12:27:26,1251.HK,0.770,0.810,0.770,0.780,5.73M
2018-09-28 12:27:48,1251.HK,0.770,0.810,0.770,0.780,5.73M
2018-09-28 12:28:02,1251.HK,0.770,0.810,0.770,0.780,5.73M
2018-09-28 12:28:18,1251.HK,0.770,0.810,0.770,0.780,5.73M
2018-09-28 12:28:39,1251.HK,0.770,0.810,0.770,0.780,5.73M
2018-09-28 12:28:55,1251.HK,0.770,0.810,0.770,0.780,5.73M
2018-09-28 12:29:11,1251.HK,0.770,0.810,0.770,0.780,5.73M
2018-09-28 12:29:28,1251.HK,0.770,0.810,0.770,0.780,5.73M
2018-09-28 12:29:42,1251.HK,0.770,0.810,0.770,0.780,5.73M
2018-09-28 12:29:53,1251.HK,0.770,0.810,0.770,0.780,5.73M
2018-09-28 12:30:16,1251.HK,0.770,0.810,0.770,0.780,5.73M
2018-09-28 12:30:38,1251.HK,0.770,0.810,0.770,0.780,5.73M
2018-09-28 12:30:53,1251.HK,0.770,0.810,0.770,0.780,5.73M
2018-09-28 12:31:10,1251.HK,0.770,0.810,0.770,0.780,5.73M
2018-09-28 12:31:30,1251.HK,0.770,0.810,0.770,0.780,5.73M
2018-09-28 12:31:43,1251.HK,0.770,0.810,0.770,0.780,5.73M
2018-09-28 12:31:57,1251.HK,0.770,0.810,0.770,0.780,5.73M
2018-09-28 12:32:26,1251.HK,0.770,0.810,0.770,0.780,5.73M
2018-09-28 12:32:40,1251.HK,0.770,0.810,0.770,0.780,5.73M
2018-09-28 12:32:52,1251.HK,0.770,0.810,0.770,0.780,5.73M
2018-09-28 12:33:16,1251.HK,0.770,0.810,0.770,0.780,5.73M
2018-09-28 12:33:34,1251.HK,0.770,0.810,0.770,0.780,5.73M
2018-09-28 12:33:46,1251.HK,0.770,0.810,0.770,0.780,5.73M
2018-09-28 12:34:10,1251.HK,0.770,0.810,0.770,0.780,5.73M
2018-09-28 12:34:35,1251.HK,0.770,0.810,0.770,0.780,5.73M
2018-09-28 12:34:48,1251.HK,0.770,0.810,0.770,0.780,5.73M
2018-09-28 12:35:04,1251.HK,0.770,0.810,0.770,0.780,5.73M
2018-09-28 12:35:22,1251.HK,0.770,0.810,0.770,0.780,5.73M
2018-09-28 12:35:48,1251.HK,0.770,0.810,0.770,0.780,5.73M
2018-09-28 12:36:03,1251.HK,0.770,0.810,0.770,0.780,5.73M
2018-09-28 12:36:27,1251.HK,0.770,0.810,0.770,0.780,5.73M
2018-09-28 12:36:41,1251.HK,0.770,0.810,0.770,0.780,5.73M
2018-09-28 12:36:55,1251.HK,0.770,0.810,0.770,0.780,5.73M
2018-09-28 12:37:14,1251.HK,0.770,0.810,0.770,0.780,5.73M
2018-09-28 12:37:36,1251.HK,0.770,0.810,0.770,0.780,5.73M
2018-09-28 12:37:49,1251.HK,0.770,0.810,0.770,0.780,5.73M
2018-09-28 12:38:04,1251.HK,0.770,0.810,0.770,0.780,5.73M
2018-09-28 12:38:26,1251.HK,0.770,0.810,0.770,0.780,5.73M
2018-09-28 12:38:41,1251.HK,0.770,0.810,0.770,0.780,5.73M
2018-09-28 12:38:53,1251.HK,0.770,0.810,0.770,0.780,5.73M
2018-09-28 12:39:13,1251.HK,0.770,0.810,0.770,0.780,5.73M
2018-09-28 12:39:27,1251.HK,0.770,0.810,0.770,0.780,5.73M
2018-09-28 12:39:49,1251.HK,0.770,0.810,0.770,0.780,5.73M
2018-09-28 12:40:05,1251.HK,0.770,0.810,0.770,0.780,5.73M
2018-09-28 12:40:28,1251.HK,0.770,0.810,0.770,0.780,5.73M
2018-09-28 12:40:41,1251.HK,0.770,0.810,0.770,0.780,5.73M
2018-09-28 12:40:56,1251.HK,0.770,0.810,0.770,0.780,5.73M
2018-09-28 12:41:13,1251.HK,0.770,0.810,0.770,0.780,5.73M
2018-09-28 12:41:27,1251.HK,0.770,0.810,0.770,0.780,5.73M
2018-09-28 12:41:52,1251.HK,0.770,0.810,0.770,0.780,5.73M
2018-09-28 12:42:15,1251.HK,0.770,0.810,0.770,0.780,5.73M
2018-09-28 12:42:31,1251.HK,0.770,0.810,0.770,0.780,5.73M
2018-09-28 12:42:54,1251.HK,0.770,0.810,0.770,0.780,5.73M
2018-09-28 12:43:10,1251.HK,0.770,0.810,0.770,0.780,5.73M
2018-09-28 12:43:35,1251.HK,0.770,0.810,0.770,0.780,5.73M
2018-09-28 12:43:51,1251.HK,0.770,0.810,0.770,0.780,5.73M
2018-09-28 12:44:06,1251.HK,0.770,0.810,0.770,0.780,5.73M
2018-09-28 12:44:29,1251.HK,0.770,0.810,0.770,0.780,5.73M
2018-09-28 12:44:42,1251.HK,0.770,0.810,0.770,0.780,5.73M
2018-09-28 12:44:58,1251.HK,0.770,0.810,0.770,0.780,5.73M
2018-09-28 12:45:17,1251.HK,0.770,0.810,0.770,0.780,5.73M
2018-09-28 12:45:29,1251.HK,0.770,0.810,0.770,0.780,5.73M
2018-09-28 12:45:44,1251.HK,0.770,0.810,0.770,0.780,5.73M
2018-09-28 12:46:03,1251.HK,0.770,0.810,0.770,0.780,5.73M
2018-09-28 12:46:38,1251.HK,0.770,0.810,0.770,0.780,5.73M
2018-09-28 12:46:47,1251.HK,0.770,0.810,0.770,0.780,5.73M
2018-09-28 12:47:02,1251.HK,0.770,0.810,0.770,0.780,5.73M
2018-09-28 12:47:22,1251.HK,0.770,0.810,0.770,0.780,5.73M
2018-09-28 12:47:36,1251.HK,0.770,0.810,0.770,0.780,5.73M
2018-09-28 12:47:51,1251.HK,0.770,0.810,0.770,0.780,5.73M
2018-09-28 12:48:15,1251.HK,0.770,0.810,0.770,0.780,5.73M
2018-09-28 12:48:32,1251.HK,0.770,0.810,0.770,0.780,5.73M
2018-09-28 12:48:47,1251.HK,0.770,0.810,0.770,0.780,5.73M
2018-09-28 12:49:03,1251.HK,0.770,0.810,0.770,0.780,5.73M
2018-09-28 12:49:25,1251.HK,0.770,0.810,0.770,0.780,5.73M
2018-09-28 12:49:41,1251.HK,0.770,0.810,0.770,0.780,5.73M
2018-09-28 12:49:57,1251.HK,0.770,0.810,0.770,0.780,5.73M
2018-09-28 12:50:12,1251.HK,0.770,0.810,0.770,0.780,5.73M
2018-09-28 12:50:28,1251.HK,0.770,0.810,0.770,0.780,5.73M
2018-09-28 12:50:44,1251.HK,0.770,0.810,0.770,0.780,5.73M
2018-09-28 12:51:03,1251.HK,0.770,0.810,0.770,0.780,5.73M
2018-09-28 12:51:15,1251.HK,0.770,0.810,0.770,0.780,5.73M
2018-09-28 12:51:33,1251.HK,0.770,0.810,0.770,0.780,5.73M
2018-09-28 12:51:50,1251.HK,0.770,0.810,0.770,0.780,5.73M
2018-09-28 12:52:13,1251.HK,0.770,0.810,0.770,0.780,5.73M
2018-09-28 12:52:35,1251.HK,0.770,0.810,0.770,0.780,5.73M
2018-09-28 12:52:54,1251.HK,0.770,0.810,0.770,0.780,5.73M
2018-09-28 12:53:13,1251.HK,0.770,0.810,0.770,0.780,5.73M
2018-09-28 12:53:35,1251.HK,0.770,0.810,0.770,0.780,5.73M
2018-09-28 12:53:59,1251.HK,0.770,0.810,0.770,0.780,5.73M
2018-09-28 12:54:14,1251.HK,0.770,0.810,0.770,0.780,5.73M
2018-09-28 12:54:33,1251.HK,0.770,0.810,0.770,0.780,5.73M
2018-09-28 12:54:50,1251.HK,0.770,0.810,0.770,0.780,5.73M
2018-09-28 12:55:15,1251.HK,0.770,0.810,0.770,0.780,5.73M
2018-09-28 12:55:37,1251.HK,0.770,0.810,0.770,0.780,5.73M
2018-09-28 12:55:52,1251.HK,0.770,0.810,0.770,0.780,5.73M
2018-09-28 12:56:17,1251.HK,0.770,0.810,0.770,0.780,5.73M
2018-09-28 12:56:32,1251.HK,0.770,0.810,0.770,0.780,5.73M
2018-09-28 12:56:50,1251.HK,0.770,0.810,0.770,0.780,5.73M
2018-09-28 12:57:12,1251.HK,0.770,0.810,0.770,0.780,5.73M
2018-09-28 12:57:26,1251.HK,0.770,0.810,0.770,0.780,5.73M
2018-09-28 12:57:45,1251.HK,0.770,0.810,0.770,0.780,5.73M
2018-09-28 12:57:58,1251.HK,0.770,0.810,0.770,0.780,5.73M
2018-09-28 12:58:11,1251.HK,0.770,0.810,0.770,0.780,5.73M
2018-09-28 12:58:30,1251.HK,0.770,0.810,0.770,0.780,5.73M
2018-09-28 12:58:51,1251.HK,0.770,0.810,0.770,0.780,5.73M
2018-09-28 12:59:06,1251.HK,0.770,0.810,0.770,0.780,5.73M
2018-09-28 12:59:27,1251.HK,0.770,0.810,0.770,0.780,5.73M
2018-09-28 12:59:46,1251.HK,0.770,0.810,0.770,0.780,5.73M
2018-09-28 13:00:09,1251.HK,0.770,0.810,0.770,0.780,6.33M
2018-09-28 13:00:33,1251.HK,0.770,0.810,0.770,0.780,6.34M
2018-09-28 13:01:02,1251.HK,0.770,0.810,0.770,0.780,6.34M
2018-09-28 13:01:25,1251.HK,0.770,0.810,0.770,0.780,6.34M
2018-09-28 13:01:47,1251.HK,0.770,0.810,0.770,0.780,6.34M
2018-09-28 13:02:15,1251.HK,0.770,0.810,0.770,0.780,6.34M
2018-09-28 13:02:39,1251.HK,0.770,0.810,0.770,0.780,6.34M
2018-09-28 13:03:00,1251.HK,0.770,0.810,0.770,0.780,6.34M
2018-09-28 13:03:20,1251.HK,0.770,0.810,0.770,0.780,6.34M
2018-09-28 13:03:45,1251.HK,0.770,0.810,0.770,0.780,6.34M
2018-09-28 13:04:08,1251.HK,0.770,0.810,0.770,0.780,6.34M
2018-09-28 13:04:36,1251.HK,0.770,0.810,0.770,0.780,6.34M
2018-09-28 13:04:55,1251.HK,0.770,0.810,0.770,0.780,6.34M
2018-09-28 13:05:16,1251.HK,0.770,0.810,0.770,0.780,6.34M
2018-09-28 13:05:34,1251.HK,0.770,0.810,0.770,0.780,6.34M
2018-09-28 13:05:55,1251.HK,0.770,0.810,0.770,0.780,6.34M
2018-09-28 13:06:30,1251.HK,0.770,0.810,0.770,0.780,6.34M
2018-09-28 13:06:49,1251.HK,0.770,0.810,0.770,0.780,6.34M
2018-09-28 13:07:06,1251.HK,0.770,0.810,0.770,0.780,6.34M
2018-09-28 13:07:25,1251.HK,0.770,0.810,0.770,0.780,6.34M
2018-09-28 13:07:52,1251.HK,0.770,0.810,0.770,0.780,6.34M
2018-09-28 13:08:21,1251.HK,0.770,0.810,0.770,0.780,6.34M
2018-09-28 13:08:45,1251.HK,0.770,0.810,0.770,0.780,6.34M
2018-09-28 13:09:03,1251.HK,0.770,0.810,0.770,0.780,6.34M
2018-09-28 13:09:26,1251.HK,0.770,0.810,0.770,0.780,6.34M
2018-09-28 13:09:52,1251.HK,0.770,0.810,0.770,0.780,6.34M
2018-09-28 13:10:18,1251.HK,0.770,0.810,0.770,0.780,6.34M
2018-09-28 13:10:50,1251.HK,0.770,0.810,0.770,0.780,6.34M
2018-09-28 13:11:17,1251.HK,0.770,0.810,0.770,0.780,6.34M
2018-09-28 13:11:55,1251.HK,0.770,0.810,0.770,0.780,6.34M
2018-09-28 13:12:16,1251.HK,0.770,0.810,0.770,0.780,6.34M
2018-09-28 13:12:50,1251.HK,0.770,0.810,0.770,0.780,6.34M
2018-09-28 13:13:13,1251.HK,0.770,0.810,0.770,0.780,6.38M
2018-09-28 13:13:40,1251.HK,0.770,0.810,0.770,0.780,6.38M
2018-09-28 13:14:16,1251.HK,0.770,0.810,0.770,0.780,6.38M
2018-09-28 13:14:54,1251.HK,0.770,0.810,0.770,0.780,6.38M
2018-09-28 13:15:25,1251.HK,0.770,0.810,0.770,0.780,6.38M
2018-09-28 13:15:52,1251.HK,0.770,0.810,0.770,0.780,6.38M
2018-09-28 13:16:31,1251.HK,0.770,0.810,0.770,0.780,6.38M
2018-09-28 13:17:06,1251.HK,0.770,0.810,0.770,0.780,6.55M
2018-09-28 13:17:40,1251.HK,0.770,0.810,0.770,0.780,6.61M
2018-09-28 13:18:17,1251.HK,0.770,0.810,0.770,0.780,6.61M
2018-09-28 13:18:46,1251.HK,0.770,0.810,0.770,0.780,6.61M
2018-09-28 13:19:21,1251.HK,0.770,0.810,0.770,0.780,6.61M
2018-09-28 13:19:52,1251.HK,0.770,0.810,0.770,0.780,6.61M
2018-09-28 13:20:35,1251.HK,0.770,0.810,0.770,0.780,6.61M
2018-09-28 13:21:03,1251.HK,0.770,0.810,0.770,0.780,6.61M
2018-09-28 13:21:39,1251.HK,0.770,0.810,0.770,0.780,6.61M
2018-09-28 13:22:22,1251.HK,0.770,0.810,0.770,0.780,6.61M
2018-09-28 13:22:55,1251.HK,0.770,0.810,0.770,0.780,6.61M
2018-09-28 13:23:38,1251.HK,0.770,0.810,0.770,0.780,6.61M
2018-09-28 13:26:24,1251.HK,0.770,0.810,0.770,0.780,6.61M
2018-09-28 13:26:33,1251.HK,0.770,0.810,0.770,0.780,6.61M
2018-09-28 13:27:00,1251.HK,0.770,0.810,0.770,0.780,6.61M
2018-09-28 13:27:28,1251.HK,0.770,0.810,0.770,0.780,6.61M
2018-09-28 13:28:00,1251.HK,0.770,0.810,0.770,0.780,6.61M
2018-09-28 13:28:28,1251.HK,0.770,0.810,0.770,0.780,6.61M
2018-09-28 13:28:57,1251.HK,0.770,0.810,0.770,0.780,6.61M
2018-09-28 13:29:28,1251.HK,0.770,0.810,0.770,0.780,6.61M
2018-09-28 13:29:56,1251.HK,0.770,0.810,0.770,0.780,6.61M
2018-09-28 13:30:25,1251.HK,0.770,0.810,0.770,0.780,6.61M
2018-09-28 13:31:00,1251.HK,0.770,0.810,0.770,0.780,6.61M
2018-09-28 13:31:31,1251.HK,0.770,0.810,0.770,0.780,6.61M
2018-09-28 13:32:13,1251.HK,0.770,0.810,0.770,0.780,6.61M
2018-09-28 13:32:43,1251.HK,0.770,0.810,0.770,0.780,6.61M
2018-09-28 13:33:12,1251.HK,0.770,0.810,0.770,0.780,6.61M
2018-09-28 13:33:28,1251.HK,0.770,0.810,0.770,0.780,6.61M
2018-09-28 13:33:55,1251.HK,0.770,0.810,0.770,0.780,6.61M
2018-09-28 13:34:39,1251.HK,0.770,0.810,0.770,0.780,6.61M
2018-09-28 13:34:46,1251.HK,0.770,0.810,0.770,0.780,6.61M
2018-09-28 13:35:27,1251.HK,0.770,0.810,0.770,0.780,6.61M
2018-09-28 13:36:04,1251.HK,0.770,0.810,0.770,0.780,6.65M
2018-09-28 13:36:44,1251.HK,0.770,0.810,0.770,0.780,6.65M
2018-09-28 13:37:09,1251.HK,0.770,0.810,0.770,0.780,6.68M
2018-09-28 13:37:40,1251.HK,0.770,0.810,0.770,0.780,6.69M
2018-09-28 13:38:12,1251.HK,0.770,0.810,0.770,0.780,6.69M
2018-09-28 13:38:39,1251.HK,0.770,0.810,0.770,0.780,6.69M
2018-09-28 13:39:09,1251.HK,0.770,0.810,0.770,0.780,6.69M
2018-09-28 13:39:45,1251.HK,0.770,0.810,0.770,0.780,6.69M
2018-09-28 13:40:33,1251.HK,0.770,0.810,0.770,0.780,6.69M
2018-09-28 13:41:19,1251.HK,0.770,0.810,0.770,0.780,6.69M
2018-09-28 13:42:16,1251.HK,0.770,0.810,0.770,0.780,6.72M
2018-09-28 13:42:36,1251.HK,0.770,0.810,0.770,0.780,6.72M
2018-09-28 13:43:14,1251.HK,0.770,0.810,0.770,0.780,6.72M
2018-09-28 13:43:50,1251.HK,0.770,0.810,0.770,0.780,6.72M
2018-09-28 13:44:19,1251.HK,0.770,0.810,0.770,0.780,6.72M
2018-09-28 13:44:54,1251.HK,0.770,0.810,0.770,0.780,6.72M
2018-09-28 13:45:13,1251.HK,0.770,0.810,0.770,0.780,6.72M
2018-09-28 13:45:51,1251.HK,0.770,0.810,0.770,0.780,6.72M
2018-09-28 13:46:13,1251.HK,0.770,0.810,0.770,0.780,6.72M
2018-09-28 13:46:51,1251.HK,0.770,0.810,0.770,0.780,6.72M
2018-09-28 13:47:41,1251.HK,0.770,0.810,0.770,0.780,6.72M
2018-09-28 13:48:33,1251.HK,0.770,0.810,0.770,0.780,6.72M
2018-09-28 13:49:00,1251.HK,0.770,0.810,0.770,0.780,6.73M
2018-09-28 13:49:46,1251.HK,0.770,0.810,0.770,0.780,6.73M
2018-09-28 13:50:29,1251.HK,0.770,0.810,0.770,0.780,6.73M
2018-09-28 13:50:55,1251.HK,0.770,0.810,0.770,0.780,6.73M
2018-09-28 13:51:26,1251.HK,0.770,0.810,0.770,0.780,6.73M
2018-09-28 13:51:53,1251.HK,0.770,0.810,0.770,0.780,6.73M
2018-09-28 13:52:18,1251.HK,0.770,0.810,0.770,0.780,6.73M
2018-09-28 13:52:47,1251.HK,0.770,0.810,0.770,0.780,6.73M
2018-09-28 13:53:10,1251.HK,0.770,0.810,0.770,0.780,6.73M
2018-09-28 13:53:48,1251.HK,0.770,0.810,0.770,0.780,6.73M
2018-09-28 13:54:14,1251.HK,0.770,0.810,0.770,0.780,6.73M
2018-09-28 13:54:43,1251.HK,0.770,0.810,0.770,0.780,6.73M
2018-09-28 13:55:19,1251.HK,0.770,0.810,0.770,0.780,6.73M
2018-09-28 13:55:36,1251.HK,0.770,0.810,0.770,0.780,6.73M
2018-09-28 13:55:57,1251.HK,0.770,0.810,0.770,0.780,6.73M
2018-09-28 13:56:40,1251.HK,0.770,0.810,0.770,0.780,6.73M
2018-09-28 13:57:29,1251.HK,0.770,0.810,0.770,0.780,6.73M
2018-09-28 13:58:03,1251.HK,0.770,0.810,0.770,0.780,6.74M
2018-09-28 13:58:26,1251.HK,0.770,0.810,0.770,0.780,6.75M
2018-09-28 13:58:48,1251.HK,0.770,0.810,0.770,0.780,6.75M
2018-09-28 13:59:17,1251.HK,0.770,0.810,0.770,0.780,6.75M
2018-09-28 13:59:54,1251.HK,0.770,0.810,0.770,0.780,6.75M
2018-09-28 14:00:33,1251.HK,0.770,0.810,0.770,0.780,6.75M
2018-09-28 14:00:57,1251.HK,0.770,0.810,0.770,0.780,6.75M
2018-09-28 14:01:19,1251.HK,0.770,0.810,0.770,0.780,6.75M
2018-09-28 14:01:50,1251.HK,0.770,0.810,0.770,0.780,6.78M
2018-09-28 14:02:27,1251.HK,0.770,0.810,0.770,0.780,6.78M
2018-09-28 14:02:51,1251.HK,0.770,0.810,0.770,0.780,6.78M
2018-09-28 14:03:13,1251.HK,0.770,0.810,0.770,0.780,6.78M
2018-09-28 14:03:51,1251.HK,0.770,0.810,0.770,0.780,7.40M
2018-09-28 14:04:29,1251.HK,0.770,0.810,0.770,0.780,7.40M
2018-09-28 14:04:48,1251.HK,0.770,0.810,0.770,0.780,7.45M
2018-09-28 14:05:10,1251.HK,0.770,0.810,0.770,0.780,7.45M
2018-09-28 14:05:30,1251.HK,0.770,0.810,0.770,0.780,7.45M
2018-09-28 14:06:11,1251.HK,0.770,0.810,0.770,0.780,7.45M
2018-09-28 14:06:36,1251.HK,0.770,0.810,0.770,0.780,7.45M
2018-09-28 14:07:12,1251.HK,0.770,0.810,0.770,0.780,7.45M
2018-09-28 14:07:42,1251.HK,0.770,0.810,0.770,0.780,7.45M
2018-09-28 14:08:11,1251.HK,0.770,0.810,0.770,0.780,7.45M
2018-09-28 14:08:34,1251.HK,0.770,0.810,0.770,0.780,7.45M
2018-09-28 14:10:40,1251.HK,0.770,0.810,0.770,0.780,7.45M
2018-09-28 14:17:58,1251.HK,0.770,0.810,0.770,0.770,10.28M
2018-09-28 14:18:19,1251.HK,0.770,0.810,0.770,0.770,10.28M
2018-09-28 14:18:42,1251.HK,0.770,0.810,0.770,0.770,10.28M
2018-09-28 14:18:59,1251.HK,0.770,0.810,0.770,0.770,10.28M
2018-09-28 14:19:18,1251.HK,0.770,0.810,0.770,0.770,10.29M
2018-09-28 14:19:38,1251.HK,0.770,0.810,0.770,0.770,10.29M
2018-09-28 14:20:04,1251.HK,0.770,0.810,0.770,0.770,10.29M
2018-09-28 14:20:36,1251.HK,0.770,0.810,0.770,0.770,10.29M
2018-09-28 14:20:46,1251.HK,0.770,0.810,0.770,0.770,10.29M
2018-09-28 14:21:00,1251.HK,0.770,0.810,0.770,0.770,10.29M
2018-09-28 14:21:18,1251.HK,0.770,0.810,0.770,0.770,10.29M
2018-09-28 14:21:30,1251.HK,0.770,0.810,0.770,0.770,10.29M
2018-09-28 14:21:43,1251.HK,0.770,0.810,0.770,0.770,10.29M
2018-09-28 14:21:58,1251.HK,0.770,0.810,0.770,0.770,10.29M
2018-09-28 14:22:30,1251.HK,0.770,0.810,0.770,0.770,10.39M
2018-09-28 14:22:58,1251.HK,0.770,0.810,0.770,0.770,10.39M
2018-09-28 14:23:30,1251.HK,0.770,0.810,0.770,0.770,10.39M
2018-09-28 14:23:57,1251.HK,0.770,0.810,0.770,0.770,10.39M
2018-09-28 14:24:22,1251.HK,0.770,0.810,0.770,0.770,10.39M
2018-09-28 14:24:41,1251.HK,0.770,0.810,0.770,0.770,10.39M
2018-09-28 14:25:00,1251.HK,0.770,0.810,0.770,0.770,10.39M
2018-09-28 14:25:30,1251.HK,0.770,0.810,0.770,0.770,10.39M
2018-09-28 14:25:52,1251.HK,0.770,0.810,0.770,0.770,10.39M
2018-09-28 14:26:24,1251.HK,0.770,0.810,0.770,0.770,10.39M
2018-09-28 14:26:41,1251.HK,0.770,0.810,0.770,0.770,10.39M
2018-09-28 14:27:02,1251.HK,0.770,0.810,0.770,0.770,10.39M
2018-09-28 14:27:23,1251.HK,0.770,0.810,0.770,0.770,10.39M
2018-09-28 14:27:45,1251.HK,0.770,0.810,0.770,0.770,10.39M
2018-09-28 14:28:09,1251.HK,0.770,0.810,0.770,0.770,10.39M
2018-09-28 14:28:32,1251.HK,0.770,0.810,0.770,0.770,10.39M
2018-09-28 14:28:45,1251.HK,0.770,0.810,0.770,0.770,10.39M
2018-09-28 14:29:06,1251.HK,0.770,0.810,0.770,0.770,11.43M
2018-09-28 14:29:34,1251.HK,0.770,0.810,0.770,0.770,11.43M
2018-09-28 14:29:48,1251.HK,0.770,0.810,0.770,0.770,11.43M
2018-09-28 14:30:05,1251.HK,0.770,0.810,0.770,0.770,11.43M
2018-09-28 14:30:22,1251.HK,0.770,0.810,0.770,0.770,11.43M
2018-09-28 14:30:41,1251.HK,0.770,0.810,0.770,0.770,11.43M
2018-09-28 14:30:59,1251.HK,0.770,0.810,0.770,0.770,11.43M
2018-09-28 14:31:25,1251.HK,0.770,0.810,0.770,0.770,11.43M
2018-09-28 14:31:45,1251.HK,0.770,0.810,0.770,0.770,11.43M
2018-09-28 14:32:13,1251.HK,0.770,0.810,0.770,0.770,11.43M
2018-09-28 14:32:41,1251.HK,0.770,0.810,0.770,0.770,11.43M
2018-09-28 14:32:58,1251.HK,0.770,0.810,0.770,0.770,11.43M
2018-09-28 14:36:54,1251.HK,0.770,0.810,0.770,0.770,11.43M
2018-09-28 14:37:08,1251.HK,0.770,0.810,0.770,0.770,11.43M
2018-09-28 14:37:24,1251.HK,0.770,0.810,0.770,0.770,11.43M
2018-09-28 14:37:38,1251.HK,0.770,0.810,0.770,0.770,11.43M
2018-09-28 14:38:07,1251.HK,0.770,0.810,0.770,0.780,11.53M
2018-09-28 14:38:38,1251.HK,0.770,0.810,0.770,0.770,11.53M
2018-09-28 14:39:20,1251.HK,0.770,0.810,0.770,0.770,11.53M
2018-09-28 14:39:37,1251.HK,0.770,0.810,0.770,0.770,11.53M
2018-09-28 14:40:01,1251.HK,0.770,0.810,0.770,0.770,11.53M
2018-09-28 14:40:35,1251.HK,0.770,0.810,0.770,0.770,11.63M
2018-09-28 14:41:01,1251.HK,0.770,0.810,0.770,0.770,11.63M
2018-09-28 14:41:28,1251.HK,0.770,0.810,0.770,0.770,11.63M
2018-09-28 14:41:51,1251.HK,0.770,0.810,0.770,0.770,11.63M
2018-09-28 14:42:21,1251.HK,0.770,0.810,0.770,0.770,11.63M
2018-09-28 14:42:42,1251.HK,0.770,0.810,0.770,0.770,11.63M
2018-09-28 14:43:00,1251.HK,0.770,0.810,0.770,0.770,11.63M
2018-09-28 14:43:38,1251.HK,0.770,0.810,0.770,0.770,11.63M
2018-09-28 14:44:24,1251.HK,0.770,0.810,0.770,0.770,11.63M
2018-09-28 14:45:02,1251.HK,0.770,0.810,0.770,0.770,11.63M
2018-09-28 14:45:20,1251.HK,0.770,0.810,0.770,0.770,11.63M
2018-09-28 14:46:24,1251.HK,0.770,0.810,0.770,0.770,11.66M
2018-09-28 14:46:30,1251.HK,0.770,0.810,0.770,0.770,11.66M
2018-09-28 14:46:50,1251.HK,0.770,0.810,0.770,0.770,11.66M
2018-09-28 14:47:04,1251.HK,0.770,0.810,0.770,0.770,11.66M
2018-09-28 14:47:36,1251.HK,0.770,0.810,0.770,0.770,11.66M
2018-09-28 14:47:50,1251.HK,0.770,0.810,0.770,0.770,11.66M
2018-09-28 14:48:19,1251.HK,0.770,0.810,0.770,0.770,11.66M
2018-09-28 14:48:31,1251.HK,0.770,0.810,0.770,0.770,11.66M
2018-09-28 14:48:43,1251.HK,0.770,0.810,0.770,0.770,11.69M
2018-09-28 14:48:56,1251.HK,0.770,0.810,0.770,0.770,11.69M
2018-09-28 14:49:11,1251.HK,0.770,0.810,0.770,0.770,11.69M
2018-09-28 14:49:24,1251.HK,0.770,0.810,0.770,0.770,12.13M
2018-09-28 14:49:38,1251.HK,0.770,0.810,0.770,0.770,12.13M
2018-09-28 14:49:56,1251.HK,0.770,0.810,0.770,0.770,12.13M
2018-09-28 14:50:15,1251.HK,0.770,0.810,0.770,0.770,12.13M
2018-09-28 14:50:27,1251.HK,0.770,0.810,0.770,0.770,12.13M
2018-09-28 14:50:48,1251.HK,0.770,0.810,0.770,0.770,12.13M
2018-09-28 14:51:06,1251.HK,0.770,0.810,0.770,0.770,12.13M
2018-09-28 14:51:28,1251.HK,0.770,0.810,0.770,0.770,12.13M
2018-09-28 14:51:49,1251.HK,0.770,0.810,0.770,0.770,12.13M
2018-09-28 14:52:09,1251.HK,0.770,0.810,0.770,0.770,12.13M
2018-09-28 14:52:29,1251.HK,0.770,0.810,0.770,0.770,12.13M
2018-09-28 14:52:41,1251.HK,0.770,0.810,0.770,0.770,12.13M
2018-09-28 14:52:58,1251.HK,0.770,0.810,0.770,0.770,12.13M
2018-09-28 14:54:16,1251.HK,0.770,0.810,0.770,0.770,12.13M
2018-09-28 14:54:26,1251.HK,0.770,0.810,0.770,0.770,12.13M
2018-09-28 14:54:52,1251.HK,0.770,0.810,0.770,0.770,12.13M
2018-09-28 14:55:03,1251.HK,0.770,0.810,0.770,0.770,12.13M
2018-09-28 14:55:21,1251.HK,0.770,0.810,0.770,0.770,12.13M
2018-09-28 14:55:49,1251.HK,0.770,0.810,0.770,0.770,12.14M
2018-09-28 14:56:18,1251.HK,0.770,0.810,0.770,0.770,12.14M
2018-09-28 14:56:35,1251.HK,0.770,0.810,0.770,0.770,12.14M
2018-09-28 14:56:55,1251.HK,0.770,0.810,0.770,0.770,12.14M
2018-09-28 14:57:17,1251.HK,0.770,0.810,0.770,0.770,12.14M
2018-09-28 14:57:39,1251.HK,0.770,0.810,0.770,0.770,12.14M
2018-09-28 14:57:59,1251.HK,0.770,0.810,0.770,0.770,12.14M
2018-09-28 14:58:20,1251.HK,0.770,0.810,0.770,0.770,12.14M
2018-09-28 14:58:49,1251.HK,0.770,0.810,0.770,0.770,12.14M
2018-09-28 14:59:11,1251.HK,0.770,0.810,0.770,0.780,12.55M
2018-09-28 14:59:35,1251.HK,0.770,0.810,0.770,0.780,12.55M
2018-09-28 15:03:03,1251.HK,0.770,0.810,0.770,0.780,12.56M
2018-09-28 15:03:11,1251.HK,0.770,0.810,0.770,0.780,12.56M
2018-09-28 15:03:31,1251.HK,0.770,0.810,0.770,0.780,12.56M
2018-09-28 15:03:53,1251.HK,0.770,0.810,0.770,0.780,12.56M
2018-09-28 15:04:14,1251.HK,0.770,0.810,0.770,0.770,13.16M
2018-09-28 15:04:42,1251.HK,0.770,0.810,0.770,0.770,14.46M
2018-09-28 15:05:05,1251.HK,0.770,0.810,0.770,0.770,15.91M
2018-09-28 15:05:28,1251.HK,0.770,0.810,0.770,0.770,15.91M
2018-09-28 15:05:59,1251.HK,0.770,0.810,0.770,0.770,15.91M
2018-09-28 15:06:15,1251.HK,0.770,0.810,0.770,0.770,15.91M
2018-09-28 15:06:51,1251.HK,0.770,0.810,0.770,0.770,15.95M
2018-09-28 15:07:22,1251.HK,0.770,0.810,0.770,0.770,15.95M
2018-09-28 15:07:45,1251.HK,0.770,0.810,0.770,0.770,15.98M
2018-09-28 15:08:14,1251.HK,0.770,0.810,0.770,0.770,15.98M
2018-09-28 15:08:49,1251.HK,0.770,0.810,0.760,0.760,16.14M
2018-09-28 15:09:19,1251.HK,0.770,0.810,0.760,0.760,16.14M
2018-09-28 15:10:00,1251.HK,0.770,0.810,0.760,0.760,16.14M
2018-09-28 15:10:30,1251.HK,0.770,0.810,0.760,0.760,16.14M
2018-09-28 15:10:44,1251.HK,0.770,0.810,0.760,0.760,16.14M
2018-09-28 15:11:04,1251.HK,0.770,0.810,0.760,0.760,16.14M
2018-09-28 15:11:30,1251.HK,0.770,0.810,0.760,0.760,16.14M
2018-09-28 15:11:55,1251.HK,0.770,0.810,0.760,0.760,16.14M
2018-09-28 15:12:15,1251.HK,0.770,0.810,0.760,0.760,16.14M
2018-09-28 15:12:47,1251.HK,0.770,0.810,0.760,0.760,16.14M
2018-09-28 15:13:05,1251.HK,0.770,0.810,0.760,0.770,17.11M
2018-09-28 15:13:27,1251.HK,0.770,0.810,0.760,0.770,17.11M
2018-09-28 15:13:51,1251.HK,0.770,0.810,0.760,0.770,17.11M
2018-09-28 15:14:18,1251.HK,0.770,0.810,0.760,0.770,17.11M
2018-09-28 15:14:46,1251.HK,0.770,0.810,0.760,0.770,17.11M
2018-09-28 15:15:17,1251.HK,0.770,0.810,0.760,0.770,17.11M
2018-09-28 15:15:54,1251.HK,0.770,0.810,0.760,0.770,17.11M
2018-09-28 15:16:42,1251.HK,0.770,0.810,0.760,0.770,17.11M
2018-09-28 15:17:25,1251.HK,0.770,0.810,0.760,0.770,17.11M
2018-09-28 15:17:59,1251.HK,0.770,0.810,0.760,0.770,17.11M
2018-09-28 15:18:30,1251.HK,0.770,0.810,0.760,0.770,17.11M
2018-09-28 15:18:58,1251.HK,0.770,0.810,0.760,0.770,17.11M
2018-09-28 15:19:18,1251.HK,0.770,0.810,0.760,0.770,17.11M
2018-09-28 15:19:36,1251.HK,0.770,0.810,0.760,0.770,17.11M
2018-09-28 15:19:54,1251.HK,0.770,0.810,0.760,0.770,17.11M
2018-09-28 15:20:23,1251.HK,0.770,0.810,0.760,0.770,17.11M
2018-09-28 15:20:37,1251.HK,0.770,0.810,0.760,0.770,17.11M
2018-09-28 15:21:03,1251.HK,0.770,0.810,0.760,0.770,17.11M
2018-09-28 15:21:25,1251.HK,0.770,0.810,0.760,0.770,17.11M
2018-09-28 15:21:46,1251.HK,0.770,0.810,0.760,0.770,17.11M
2018-09-28 15:22:19,1251.HK,0.770,0.810,0.760,0.770,17.61M
2018-09-28 15:22:51,1251.HK,0.770,0.810,0.760,0.770,18.61M
2018-09-28 15:23:11,1251.HK,0.770,0.810,0.760,0.760,18.61M
2018-09-28 15:23:48,1251.HK,0.770,0.810,0.760,0.760,18.61M
2018-09-28 15:24:32,1251.HK,0.770,0.810,0.760,0.760,18.61M
2018-09-28 15:25:08,1251.HK,0.770,0.810,0.760,0.770,18.61M
2018-09-28 15:25:37,1251.HK,0.770,0.810,0.760,0.770,18.62M
2018-09-28 15:26:06,1251.HK,0.770,0.810,0.760,0.770,18.62M
2018-09-28 15:26:31,1251.HK,0.770,0.810,0.760,0.770,18.62M
2018-09-28 15:26:47,1251.HK,0.770,0.810,0.760,0.770,18.62M
2018-09-28 15:27:05,1251.HK,0.770,0.810,0.760,0.770,18.62M
2018-09-28 15:27:19,1251.HK,0.770,0.810,0.760,0.770,18.62M
2018-09-28 15:27:35,1251.HK,0.770,0.810,0.760,0.770,18.62M
2018-09-28 15:28:01,1251.HK,0.770,0.810,0.760,0.770,18.83M
2018-09-28 15:28:33,1251.HK,0.770,0.810,0.760,0.770,18.83M
2018-09-28 15:28:49,1251.HK,0.770,0.810,0.760,0.770,18.83M
2018-09-28 15:29:09,1251.HK,0.770,0.810,0.760,0.770,19.12M
2018-09-28 15:29:35,1251.HK,0.770,0.810,0.760,0.770,19.12M
2018-09-28 15:29:52,1251.HK,0.770,0.810,0.760,0.770,19.84M
2018-09-28 15:30:17,1251.HK,0.770,0.810,0.760,0.770,20.44M
2018-09-28 15:30:52,1251.HK,0.770,0.810,0.760,0.770,20.44M
2018-09-28 15:31:22,1251.HK,0.770,0.810,0.760,0.770,20.79M
2018-09-28 15:31:50,1251.HK,0.770,0.810,0.750,0.760,23.01M
2018-09-28 15:32:23,1251.HK,0.770,0.810,0.750,0.760,23.02M
2018-09-28 15:32:48,1251.HK,0.770,0.810,0.750,0.760,23.02M
2018-09-28 15:33:30,1251.HK,0.770,0.810,0.750,0.760,23.08M
2018-09-28 15:33:52,1251.HK,0.770,0.810,0.750,0.760,23.08M
2018-09-28 15:34:24,1251.HK,0.770,0.810,0.750,0.760,23.08M
2018-09-28 15:34:54,1251.HK,0.770,0.810,0.750,0.760,23.08M
2018-09-28 15:35:09,1251.HK,0.770,0.810,0.750,0.760,23.08M
2018-09-28 15:35:32,1251.HK,0.770,0.810,0.750,0.760,23.08M
2018-09-28 15:35:56,1251.HK,0.770,0.810,0.750,0.760,23.08M
2018-09-28 15:36:32,1251.HK,0.770,0.810,0.750,0.760,23.08M
2018-09-28 15:36:49,1251.HK,0.770,0.810,0.750,0.760,23.08M
2018-09-28 15:37:05,1251.HK,0.770,0.810,0.750,0.760,23.08M
2018-09-28 15:37:29,1251.HK,0.770,0.810,0.750,0.760,23.08M
2018-09-28 15:37:48,1251.HK,0.770,0.810,0.750,0.760,23.08M
2018-09-28 15:38:12,1251.HK,0.770,0.810,0.750,0.760,23.08M
2018-09-28 15:38:34,1251.HK,0.770,0.810,0.750,0.760,23.08M
2018-09-28 15:38:54,1251.HK,0.770,0.810,0.750,0.760,23.09M
2018-09-28 15:39:15,1251.HK,0.770,0.810,0.750,0.760,23.09M
2018-09-28 15:39:47,1251.HK,0.770,0.810,0.750,0.770,23.10M
2018-09-28 15:40:13,1251.HK,0.770,0.810,0.750,0.770,23.12M
2018-09-28 15:40:42,1251.HK,0.770,0.810,0.750,0.770,23.12M
2018-09-28 15:41:12,1251.HK,0.770,0.810,0.750,0.770,23.12M
2018-09-28 15:41:39,1251.HK,0.770,0.810,0.750,0.770,23.12M
2018-09-28 15:41:55,1251.HK,0.770,0.810,0.750,0.770,23.12M
2018-09-28 15:42:25,1251.HK,0.770,0.810,0.750,0.770,23.14M
2018-09-28 15:42:42,1251.HK,0.770,0.810,0.750,0.770,23.15M
2018-09-28 15:43:07,1251.HK,0.770,0.810,0.750,0.770,23.15M
2018-09-28 15:43:34,1251.HK,0.770,0.810,0.750,0.770,23.15M
2018-09-28 15:44:05,1251.HK,0.770,0.810,0.750,0.770,23.15M
2018-09-28 15:44:41,1251.HK,0.770,0.810,0.750,0.770,23.20M
2018-09-28 15:45:14,1251.HK,0.770,0.810,0.750,0.770,23.20M
2018-09-28 15:45:35,1251.HK,0.770,0.810,0.750,0.770,23.20M
2018-09-28 15:46:01,1251.HK,0.770,0.810,0.750,0.770,23.20M
2018-09-28 15:46:32,1251.HK,0.770,0.810,0.750,0.770,23.20M
2018-09-28 15:46:42,1251.HK,0.770,0.810,0.750,0.770,23.20M
2018-09-28 15:47:01,1251.HK,0.770,0.810,0.750,0.770,23.20M
2018-09-28 15:47:35,1251.HK,0.770,0.810,0.750,0.770,23.24M
2018-09-28 15:47:52,1251.HK,0.770,0.810,0.750,0.760,23.26M
2018-09-28 15:48:15,1251.HK,0.770,0.810,0.750,0.760,23.26M
2018-09-28 15:48:44,1251.HK,0.770,0.810,0.750,0.760,23.26M
2018-09-28 15:49:14,1251.HK,0.770,0.810,0.750,0.760,23.26M
2018-09-28 15:49:37,1251.HK,0.770,0.810,0.750,0.760,23.26M
2018-09-28 15:49:59,1251.HK,0.770,0.810,0.750,0.760,23.26M
2018-09-28 15:50:30,1251.HK,0.770,0.810,0.750,0.760,23.26M
2018-09-28 15:50:51,1251.HK,0.770,0.810,0.750,0.770,23.29M
2018-09-28 15:51:05,1251.HK,0.770,0.810,0.750,0.770,23.29M
2018-09-28 15:51:24,1251.HK,0.770,0.810,0.750,0.760,23.30M
2018-09-28 15:51:49,1251.HK,0.770,0.810,0.750,0.760,23.30M
2018-09-28 15:52:21,1251.HK,0.770,0.810,0.750,0.770,23.34M
2018-09-28 15:52:41,1251.HK,0.770,0.810,0.750,0.770,23.34M
2018-09-28 15:53:08,1251.HK,0.770,0.810,0.750,0.770,23.35M
2018-09-28 15:53:21,1251.HK,0.770,0.810,0.750,0.770,23.35M
2018-09-28 15:53:35,1251.HK,0.770,0.810,0.750,0.770,23.35M
2018-09-28 15:53:59,1251.HK,0.770,0.810,0.750,0.770,23.35M
2018-09-28 15:54:20,1251.HK,0.770,0.810,0.750,0.770,23.35M
2018-09-28 15:54:52,1251.HK,0.770,0.810,0.750,0.770,23.35M
2018-09-28 15:55:25,1251.HK,0.770,0.810,0.750,0.770,23.35M
2018-09-28 15:55:41,1251.HK,0.770,0.810,0.750,0.770,23.39M
2018-09-28 15:56:02,1251.HK,0.770,0.810,0.750,0.770,23.39M
2018-09-28 15:56:34,1251.HK,0.770,0.810,0.750,0.770,23.39M
2018-09-28 15:56:54,1251.HK,0.770,0.810,0.750,0.770,23.39M
2018-09-28 15:57:28,1251.HK,0.770,0.810,0.750,0.770,23.39M
2018-09-28 15:57:52,1251.HK,0.770,0.810,0.750,0.770,23.45M
2018-09-28 15:58:29,1251.HK,0.770,0.810,0.750,0.770,23.45M
2018-09-28 15:59:02,1251.HK,0.770,0.810,0.750,0.770,23.45M
2018-09-28 15:59:36,1251.HK,0.770,0.810,0.750,0.760,23.45M
2018-09-28 16:00:13,1251.HK,0.770,0.810,0.750,0.760,23.45M
2018-09-28 16:00:39,1251.HK,0.770,0.810,0.750,0.760,23.45M
2018-09-28 16:00:56,1251.HK,0.770,0.810,0.750,0.760,23.45M
2018-09-28 16:01:13,1251.HK,0.770,0.810,0.750,0.760,23.45M
2018-09-28 16:01:35,1251.HK,0.770,0.810,0.750,0.760,23.45M
2018-09-28 16:01:52,1251.HK,0.770,0.810,0.750,0.760,23.45M
2018-09-28 16:02:16,1251.HK,0.770,0.810,0.750,0.760,23.45M
2018-09-28 16:02:45,1251.HK,0.770,0.810,0.750,0.760,23.45M
2018-09-28 16:03:02,1251.HK,0.770,0.810,0.750,0.760,23.45M
2018-09-28 16:03:30,1251.HK,0.770,0.810,0.750,0.760,23.45M
2018-09-28 16:03:54,1251.HK,0.770,0.810,0.750,0.760,23.45M
2018-09-28 16:04:29,1251.HK,0.770,0.810,0.750,0.760,23.45M
2018-09-28 16:04:43,1251.HK,0.770,0.810,0.750,0.760,23.45M
2018-09-28 16:04:59,1251.HK,0.770,0.810,0.750,0.760,23.45M
2018-09-28 16:05:19,1251.HK,0.770,0.810,0.750,0.760,23.45M
2018-09-28 16:05:38,1251.HK,0.770,0.810,0.750,0.760,23.45M
2018-09-28 16:06:03,1251.HK,0.770,0.810,0.750,0.760,23.45M
2018-09-28 16:06:18,1251.HK,0.770,0.810,0.750,0.760,23.45M
2018-09-28 16:06:36,1251.HK,0.770,0.810,0.750,0.760,23.45M
2018-09-28 16:06:52,1251.HK,0.770,0.810,0.750,0.760,23.45M
2018-09-28 16:07:10,1251.HK,0.770,0.810,0.750,0.760,23.45M
2018-09-28 16:07:26,1251.HK,0.770,0.810,0.750,0.760,23.45M
