2018-10-19 00:42:13,01757.HK,0.320,0.025,8.475%,10.00K,3.20K,17.98,384.00M
2018-10-19 00:42:15,01757.HK,0.320,0.025,8.475%,10.00K,3.20K,17.98,384.00M
2018-10-19 00:42:17,01757.HK,0.320,0.025,8.475%,10.00K,3.20K,17.98,384.00M
2018-10-19 00:42:19,01757.HK,0.320,0.025,8.475%,10.00K,3.20K,17.98,384.00M
2018-10-19 00:42:21,01757.HK,0.320,0.025,8.475%,10.00K,3.20K,17.98,384.00M
2018-10-19 00:42:23,01757.HK,0.320,0.025,8.475%,10.00K,3.20K,17.98,384.00M
2018-10-19 00:42:25,01757.HK,0.320,0.025,8.475%,10.00K,3.20K,17.98,384.00M
2018-10-19 00:42:28,01757.HK,0.320,0.025,8.475%,10.00K,3.20K,17.98,384.00M
2018-10-19 00:42:34,01757.HK,0.320,0.025,8.475%,10.00K,3.20K,17.98,384.00M
2018-10-19 00:42:40,01757.HK,0.320,0.025,8.475%,10.00K,3.20K,17.98,384.00M
2018-10-19 00:42:45,01757.HK,0.320,0.025,8.475%,10.00K,3.20K,17.98,384.00M
2018-10-19 00:42:49,01757.HK,0.320,0.025,8.475%,10.00K,3.20K,17.98,384.00M
2018-10-19 00:42:54,01757.HK,0.320,0.025,8.475%,10.00K,3.20K,17.98,384.00M
2018-10-19 00:43:00,01757.HK,0.320,0.025,8.475%,10.00K,3.20K,17.98,384.00M
2018-10-19 00:43:04,01757.HK,0.320,0.025,8.475%,10.00K,3.20K,17.98,384.00M
2018-10-19 00:43:06,01757.HK,0.320,0.025,8.475%,10.00K,3.20K,17.98,384.00M
2018-10-19 00:43:09,01757.HK,0.320,0.025,8.475%,10.00K,3.20K,17.98,384.00M
2018-10-19 00:43:11,01757.HK,0.320,0.025,8.475%,10.00K,3.20K,17.98,384.00M
2018-10-19 00:43:15,01757.HK,0.320,0.025,8.475%,10.00K,3.20K,17.98,384.00M
2018-10-19 00:43:18,01757.HK,0.320,0.025,8.475%,10.00K,3.20K,17.98,384.00M
2018-10-19 00:43:20,01757.HK,0.320,0.025,8.475%,10.00K,3.20K,17.98,384.00M
2018-10-19 00:43:21,01757.HK,0.320,0.025,8.475%,10.00K,3.20K,17.98,384.00M
2018-10-19 00:43:25,01757.HK,0.320,0.025,8.475%,10.00K,3.20K,17.98,384.00M
2018-10-19 00:43:28,01757.HK,0.320,0.025,8.475%,10.00K,3.20K,17.98,384.00M
2018-10-19 00:43:31,01757.HK,0.320,0.025,8.475%,10.00K,3.20K,17.98,384.00M
2018-10-19 00:43:33,01757.HK,0.320,0.025,8.475%,10.00K,3.20K,17.98,384.00M
2018-10-19 00:43:36,01757.HK,0.320,0.025,8.475%,10.00K,3.20K,17.98,384.00M
2018-10-19 00:43:41,01757.HK,0.320,0.025,8.475%,10.00K,3.20K,17.98,384.00M
2018-10-19 00:43:43,01757.HK,0.320,0.025,8.475%,10.00K,3.20K,17.98,384.00M
2018-10-19 00:43:45,01757.HK,0.320,0.025,8.475%,10.00K,3.20K,17.98,384.00M
2018-10-19 00:43:47,01757.HK,0.320,0.025,8.475%,10.00K,3.20K,17.98,384.00M
2018-10-19 00:43:50,01757.HK,0.320,0.025,8.475%,10.00K,3.20K,17.98,384.00M
2018-10-19 00:44:25,01757.HK,0.320,0.025,8.475%,10.00K,3.20K,17.98,384.00M
2018-10-19 00:44:27,01757.HK,0.320,0.025,8.475%,10.00K,3.20K,17.98,384.00M
2018-10-19 00:44:29,01757.HK,0.320,0.025,8.475%,10.00K,3.20K,17.98,384.00M
2018-10-19 00:44:31,01757.HK,0.320,0.025,8.475%,10.00K,3.20K,17.98,384.00M
2018-10-19 00:44:32,01757.HK,0.320,0.025,8.475%,10.00K,3.20K,17.98,384.00M
2018-10-19 00:44:35,01757.HK,0.320,0.025,8.475%,10.00K,3.20K,17.98,384.00M
2018-10-19 00:44:39,01757.HK,0.320,0.025,8.475%,10.00K,3.20K,17.98,384.00M
2018-10-19 00:44:42,01757.HK,0.320,0.025,8.475%,10.00K,3.20K,17.98,384.00M
2018-10-19 00:44:43,01757.HK,0.320,0.025,8.475%,10.00K,3.20K,17.98,384.00M
2018-10-19 00:44:51,01757.HK,0.320,0.025,8.475%,10.00K,3.20K,17.98,384.00M
2018-10-19 00:44:54,01757.HK,0.320,0.025,8.475%,10.00K,3.20K,17.98,384.00M
2018-10-19 00:44:58,01757.HK,0.320,0.025,8.475%,10.00K,3.20K,17.98,384.00M
2018-10-19 00:45:03,01757.HK,0.320,0.025,8.475%,10.00K,3.20K,17.98,384.00M
2018-10-19 00:45:05,01757.HK,0.320,0.025,8.475%,10.00K,3.20K,17.98,384.00M
2018-10-19 00:45:06,01757.HK,0.320,0.025,8.475%,10.00K,3.20K,17.98,384.00M
2018-10-19 00:45:08,01757.HK,0.320,0.025,8.475%,10.00K,3.20K,17.98,384.00M
2018-10-19 00:45:10,01757.HK,0.320,0.025,8.475%,10.00K,3.20K,17.98,384.00M
2018-10-19 00:45:13,01757.HK,0.320,0.025,8.475%,10.00K,3.20K,17.98,384.00M
2018-10-19 00:45:15,01757.HK,0.320,0.025,8.475%,10.00K,3.20K,17.98,384.00M
2018-10-19 00:45:17,01757.HK,0.320,0.025,8.475%,10.00K,3.20K,17.98,384.00M
2018-10-19 00:45:20,01757.HK,0.320,0.025,8.475%,10.00K,3.20K,17.98,384.00M
2018-10-19 00:45:23,01757.HK,0.320,0.025,8.475%,10.00K,3.20K,17.98,384.00M
2018-10-19 00:45:25,01757.HK,0.320,0.025,8.475%,10.00K,3.20K,17.98,384.00M
2018-10-19 00:45:26,01757.HK,0.320,0.025,8.475%,10.00K,3.20K,17.98,384.00M
2018-10-19 00:45:29,01757.HK,0.320,0.025,8.475%,10.00K,3.20K,17.98,384.00M
2018-10-19 00:45:30,01757.HK,0.320,0.025,8.475%,10.00K,3.20K,17.98,384.00M
2018-10-19 00:45:32,01757.HK,0.320,0.025,8.475%,10.00K,3.20K,17.98,384.00M
2018-10-19 00:45:34,01757.HK,0.320,0.025,8.475%,10.00K,3.20K,17.98,384.00M
2018-10-19 00:45:38,01757.HK,0.320,0.025,8.475%,10.00K,3.20K,17.98,384.00M
2018-10-19 00:45:39,01757.HK,0.320,0.025,8.475%,10.00K,3.20K,17.98,384.00M
2018-10-19 00:45:41,01757.HK,0.320,0.025,8.475%,10.00K,3.20K,17.98,384.00M
2018-10-19 00:45:43,01757.HK,0.320,0.025,8.475%,10.00K,3.20K,17.98,384.00M
2018-10-19 00:45:44,01757.HK,0.320,0.025,8.475%,10.00K,3.20K,17.98,384.00M
2018-10-19 00:45:45,01757.HK,0.320,0.025,8.475%,10.00K,3.20K,17.98,384.00M
2018-10-19 00:45:47,01757.HK,0.320,0.025,8.475%,10.00K,3.20K,17.98,384.00M
2018-10-19 00:45:49,01757.HK,0.320,0.025,8.475%,10.00K,3.20K,17.98,384.00M
2018-10-19 00:45:51,01757.HK,0.320,0.025,8.475%,10.00K,3.20K,17.98,384.00M
2018-10-19 00:45:52,01757.HK,0.320,0.025,8.475%,10.00K,3.20K,17.98,384.00M
2018-10-19 00:45:55,01757.HK,0.320,0.025,8.475%,10.00K,3.20K,17.98,384.00M
2018-10-19 00:45:58,01757.HK,0.320,0.025,8.475%,10.00K,3.20K,17.98,384.00M
2018-10-19 00:46:00,01757.HK,0.320,0.025,8.475%,10.00K,3.20K,17.98,384.00M
2018-10-19 00:46:03,01757.HK,0.320,0.025,8.475%,10.00K,3.20K,17.98,384.00M
2018-10-19 00:46:06,01757.HK,0.320,0.025,8.475%,10.00K,3.20K,17.98,384.00M
2018-10-19 00:46:08,01757.HK,0.320,0.025,8.475%,10.00K,3.20K,17.98,384.00M
2018-10-19 00:46:10,01757.HK,0.320,0.025,8.475%,10.00K,3.20K,17.98,384.00M
2018-10-19 00:46:12,01757.HK,0.320,0.025,8.475%,10.00K,3.20K,17.98,384.00M
2018-10-19 00:46:14,01757.HK,0.320,0.025,8.475%,10.00K,3.20K,17.98,384.00M
2018-10-19 00:46:16,01757.HK,0.320,0.025,8.475%,10.00K,3.20K,17.98,384.00M
2018-10-19 00:46:18,01757.HK,0.320,0.025,8.475%,10.00K,3.20K,17.98,384.00M
2018-10-19 00:46:21,01757.HK,0.320,0.025,8.475%,10.00K,3.20K,17.98,384.00M
2018-10-19 00:46:25,01757.HK,0.320,0.025,8.475%,10.00K,3.20K,17.98,384.00M
2018-10-19 00:46:27,01757.HK,0.320,0.025,8.475%,10.00K,3.20K,17.98,384.00M
2018-10-19 00:46:30,01757.HK,0.320,0.025,8.475%,10.00K,3.20K,17.98,384.00M
2018-10-19 00:46:35,01757.HK,0.320,0.025,8.475%,10.00K,3.20K,17.98,384.00M
2018-10-19 00:46:37,01757.HK,0.320,0.025,8.475%,10.00K,3.20K,17.98,384.00M
2018-10-19 00:46:40,01757.HK,0.320,0.025,8.475%,10.00K,3.20K,17.98,384.00M
2018-10-19 00:46:41,01757.HK,0.320,0.025,8.475%,10.00K,3.20K,17.98,384.00M
2018-10-19 00:46:43,01757.HK,0.320,0.025,8.475%,10.00K,3.20K,17.98,384.00M
2018-10-19 00:46:45,01757.HK,0.320,0.025,8.475%,10.00K,3.20K,17.98,384.00M
2018-10-19 00:46:46,01757.HK,0.320,0.025,8.475%,10.00K,3.20K,17.98,384.00M
2018-10-19 00:46:48,01757.HK,0.320,0.025,8.475%,10.00K,3.20K,17.98,384.00M
2018-10-19 00:46:49,01757.HK,0.320,0.025,8.475%,10.00K,3.20K,17.98,384.00M
2018-10-19 00:46:52,01757.HK,0.320,0.025,8.475%,10.00K,3.20K,17.98,384.00M
2018-10-19 00:46:56,01757.HK,0.320,0.025,8.475%,10.00K,3.20K,17.98,384.00M
2018-10-19 00:46:58,01757.HK,0.320,0.025,8.475%,10.00K,3.20K,17.98,384.00M
2018-10-19 00:47:00,01757.HK,0.320,0.025,8.475%,10.00K,3.20K,17.98,384.00M
2018-10-19 00:47:04,01757.HK,0.320,0.025,8.475%,10.00K,3.20K,17.98,384.00M
2018-10-19 00:47:06,01757.HK,0.320,0.025,8.475%,10.00K,3.20K,17.98,384.00M
2018-10-19 00:47:07,01757.HK,0.320,0.025,8.475%,10.00K,3.20K,17.98,384.00M
2018-10-19 00:47:09,01757.HK,0.320,0.025,8.475%,10.00K,3.20K,17.98,384.00M
2018-10-19 00:47:11,01757.HK,0.320,0.025,8.475%,10.00K,3.20K,17.98,384.00M
2018-10-19 00:47:13,01757.HK,0.320,0.025,8.475%,10.00K,3.20K,17.98,384.00M
2018-10-19 00:47:15,01757.HK,0.320,0.025,8.475%,10.00K,3.20K,17.98,384.00M
2018-10-19 00:47:16,01757.HK,0.320,0.025,8.475%,10.00K,3.20K,17.98,384.00M
2018-10-19 00:47:18,01757.HK,0.320,0.025,8.475%,10.00K,3.20K,17.98,384.00M
2018-10-19 00:47:20,01757.HK,0.320,0.025,8.475%,10.00K,3.20K,17.98,384.00M
2018-10-19 00:47:21,01757.HK,0.320,0.025,8.475%,10.00K,3.20K,17.98,384.00M
2018-10-19 00:47:24,01757.HK,0.320,0.025,8.475%,10.00K,3.20K,17.98,384.00M
2018-10-19 00:47:25,01757.HK,0.320,0.025,8.475%,10.00K,3.20K,17.98,384.00M
2018-10-19 00:47:27,01757.HK,0.320,0.025,8.475%,10.00K,3.20K,17.98,384.00M
2018-10-19 00:47:30,01757.HK,0.320,0.025,8.475%,10.00K,3.20K,17.98,384.00M
2018-10-19 00:47:32,01757.HK,0.320,0.025,8.475%,10.00K,3.20K,17.98,384.00M
2018-10-19 00:47:34,01757.HK,0.320,0.025,8.475%,10.00K,3.20K,17.98,384.00M
2018-10-19 00:47:39,01757.HK,0.320,0.025,8.475%,10.00K,3.20K,17.98,384.00M
2018-10-19 00:47:41,01757.HK,0.320,0.025,8.475%,10.00K,3.20K,17.98,384.00M
2018-10-19 00:47:42,01757.HK,0.320,0.025,8.475%,10.00K,3.20K,17.98,384.00M
2018-10-19 00:47:45,01757.HK,0.320,0.025,8.475%,10.00K,3.20K,17.98,384.00M
2018-10-19 00:47:47,01757.HK,0.320,0.025,8.475%,10.00K,3.20K,17.98,384.00M
2018-10-19 00:47:48,01757.HK,0.320,0.025,8.475%,10.00K,3.20K,17.98,384.00M
2018-10-19 00:47:50,01757.HK,0.320,0.025,8.475%,10.00K,3.20K,17.98,384.00M
2018-10-19 00:47:52,01757.HK,0.320,0.025,8.475%,10.00K,3.20K,17.98,384.00M
2018-10-19 00:47:54,01757.HK,0.320,0.025,8.475%,10.00K,3.20K,17.98,384.00M
2018-10-19 00:47:56,01757.HK,0.320,0.025,8.475%,10.00K,3.20K,17.98,384.00M
2018-10-19 00:47:59,01757.HK,0.320,0.025,8.475%,10.00K,3.20K,17.98,384.00M
2018-10-19 00:48:01,01757.HK,0.320,0.025,8.475%,10.00K,3.20K,17.98,384.00M
2018-10-19 00:48:03,01757.HK,0.320,0.025,8.475%,10.00K,3.20K,17.98,384.00M
2018-10-19 00:48:06,01757.HK,0.320,0.025,8.475%,10.00K,3.20K,17.98,384.00M
2018-10-19 00:48:08,01757.HK,0.320,0.025,8.475%,10.00K,3.20K,17.98,384.00M
2018-10-19 00:48:11,01757.HK,0.320,0.025,8.475%,10.00K,3.20K,17.98,384.00M
2018-10-19 00:48:13,01757.HK,0.320,0.025,8.475%,10.00K,3.20K,17.98,384.00M
2018-10-19 00:48:15,01757.HK,0.320,0.025,8.475%,10.00K,3.20K,17.98,384.00M
2018-10-19 00:48:17,01757.HK,0.320,0.025,8.475%,10.00K,3.20K,17.98,384.00M
2018-10-19 00:48:19,01757.HK,0.320,0.025,8.475%,10.00K,3.20K,17.98,384.00M
2018-10-19 00:48:21,01757.HK,0.320,0.025,8.475%,10.00K,3.20K,17.98,384.00M
2018-10-19 00:48:25,01757.HK,0.320,0.025,8.475%,10.00K,3.20K,17.98,384.00M
2018-10-19 00:48:27,01757.HK,0.320,0.025,8.475%,10.00K,3.20K,17.98,384.00M
2018-10-19 00:48:31,01757.HK,0.320,0.025,8.475%,10.00K,3.20K,17.98,384.00M
2018-10-19 00:48:34,01757.HK,0.320,0.025,8.475%,10.00K,3.20K,17.98,384.00M
2018-10-19 00:48:39,01757.HK,0.320,0.025,8.475%,10.00K,3.20K,17.98,384.00M
2018-10-19 00:48:44,01757.HK,0.320,0.025,8.475%,10.00K,3.20K,17.98,384.00M
2018-10-19 00:48:46,01757.HK,0.320,0.025,8.475%,10.00K,3.20K,17.98,384.00M
2018-10-19 00:48:47,01757.HK,0.320,0.025,8.475%,10.00K,3.20K,17.98,384.00M
2018-10-19 00:48:49,01757.HK,0.320,0.025,8.475%,10.00K,3.20K,17.98,384.00M
2018-10-19 00:48:53,01757.HK,0.320,0.025,8.475%,10.00K,3.20K,17.98,384.00M
2018-10-19 00:48:57,01757.HK,0.320,0.025,8.475%,10.00K,3.20K,17.98,384.00M
2018-10-19 00:48:59,01757.HK,0.320,0.025,8.475%,10.00K,3.20K,17.98,384.00M
2018-10-19 00:49:05,01757.HK,0.320,0.025,8.475%,10.00K,3.20K,17.98,384.00M
2018-10-19 00:49:07,01757.HK,0.320,0.025,8.475%,10.00K,3.20K,17.98,384.00M
2018-10-19 00:49:10,01757.HK,0.320,0.025,8.475%,10.00K,3.20K,17.98,384.00M
2018-10-19 00:49:11,01757.HK,0.320,0.025,8.475%,10.00K,3.20K,17.98,384.00M
2018-10-19 00:49:12,01757.HK,0.320,0.025,8.475%,10.00K,3.20K,17.98,384.00M
2018-10-19 00:49:19,01757.HK,0.320,0.025,8.475%,10.00K,3.20K,17.98,384.00M
2018-10-19 00:49:22,01757.HK,0.320,0.025,8.475%,10.00K,3.20K,17.98,384.00M
2018-10-19 00:49:24,01757.HK,0.320,0.025,8.475%,10.00K,3.20K,17.98,384.00M
2018-10-19 00:49:30,01757.HK,0.320,0.025,8.475%,10.00K,3.20K,17.98,384.00M
2018-10-19 00:49:34,01757.HK,0.320,0.025,8.475%,10.00K,3.20K,17.98,384.00M
2018-10-19 00:49:39,01757.HK,0.320,0.025,8.475%,10.00K,3.20K,17.98,384.00M
2018-10-19 00:49:44,01757.HK,0.320,0.025,8.475%,10.00K,3.20K,17.98,384.00M
2018-10-19 00:49:45,01757.HK,0.320,0.025,8.475%,10.00K,3.20K,17.98,384.00M
2018-10-19 00:49:50,01757.HK,0.320,0.025,8.475%,10.00K,3.20K,17.98,384.00M
2018-10-19 00:49:54,01757.HK,0.320,0.025,8.475%,10.00K,3.20K,17.98,384.00M
2018-10-19 00:49:57,01757.HK,0.320,0.025,8.475%,10.00K,3.20K,17.98,384.00M
2018-10-19 00:50:00,01757.HK,0.320,0.025,8.475%,10.00K,3.20K,17.98,384.00M
2018-10-19 00:50:03,01757.HK,0.320,0.025,8.475%,10.00K,3.20K,17.98,384.00M
2018-10-19 00:50:05,01757.HK,0.320,0.025,8.475%,10.00K,3.20K,17.98,384.00M
2018-10-19 00:50:06,01757.HK,0.320,0.025,8.475%,10.00K,3.20K,17.98,384.00M
2018-10-19 00:50:10,01757.HK,0.320,0.025,8.475%,10.00K,3.20K,17.98,384.00M
2018-10-19 00:50:13,01757.HK,0.320,0.025,8.475%,10.00K,3.20K,17.98,384.00M
2018-10-19 00:50:15,01757.HK,0.320,0.025,8.475%,10.00K,3.20K,17.98,384.00M
2018-10-19 00:50:20,01757.HK,0.320,0.025,8.475%,10.00K,3.20K,17.98,384.00M
2018-10-19 00:50:24,01757.HK,0.320,0.025,8.475%,10.00K,3.20K,17.98,384.00M
2018-10-19 00:50:29,01757.HK,0.320,0.025,8.475%,10.00K,3.20K,17.98,384.00M
2018-10-19 00:50:35,01757.HK,0.320,0.025,8.475%,10.00K,3.20K,17.98,384.00M
2018-10-19 00:50:43,01757.HK,0.320,0.025,8.475%,10.00K,3.20K,17.98,384.00M
2018-10-19 00:50:49,01757.HK,0.320,0.025,8.475%,10.00K,3.20K,17.98,384.00M
2018-10-19 00:50:56,01757.HK,0.320,0.025,8.475%,10.00K,3.20K,17.98,384.00M
2018-10-19 00:51:01,01757.HK,0.320,0.025,8.475%,10.00K,3.20K,17.98,384.00M
2018-10-19 00:51:07,01757.HK,0.320,0.025,8.475%,10.00K,3.20K,17.98,384.00M
2018-10-19 00:51:09,01757.HK,0.320,0.025,8.475%,10.00K,3.20K,17.98,384.00M
2018-10-19 00:51:14,01757.HK,0.320,0.025,8.475%,10.00K,3.20K,17.98,384.00M
2018-10-19 00:51:20,01757.HK,0.320,0.025,8.475%,10.00K,3.20K,17.98,384.00M
2018-10-19 00:51:26,01757.HK,0.320,0.025,8.475%,10.00K,3.20K,17.98,384.00M
2018-10-19 00:51:33,01757.HK,0.320,0.025,8.475%,10.00K,3.20K,17.98,384.00M
2018-10-19 00:51:39,01757.HK,0.320,0.025,8.475%,10.00K,3.20K,17.98,384.00M
2018-10-19 00:51:43,01757.HK,0.320,0.025,8.475%,10.00K,3.20K,17.98,384.00M
2018-10-19 00:51:48,01757.HK,0.320,0.025,8.475%,10.00K,3.20K,17.98,384.00M
2018-10-19 00:51:53,01757.HK,0.320,0.025,8.475%,10.00K,3.20K,17.98,384.00M
2018-10-19 00:51:55,01757.HK,0.320,0.025,8.475%,10.00K,3.20K,17.98,384.00M
2018-10-19 00:51:57,01757.HK,0.320,0.025,8.475%,10.00K,3.20K,17.98,384.00M
2018-10-19 00:52:02,01757.HK,0.320,0.025,8.475%,10.00K,3.20K,17.98,384.00M
2018-10-19 00:52:04,01757.HK,0.320,0.025,8.475%,10.00K,3.20K,17.98,384.00M
2018-10-19 00:52:09,01757.HK,0.320,0.025,8.475%,10.00K,3.20K,17.98,384.00M
2018-10-19 00:52:12,01757.HK,0.320,0.025,8.475%,10.00K,3.20K,17.98,384.00M
2018-10-19 00:52:18,01757.HK,0.320,0.025,8.475%,10.00K,3.20K,17.98,384.00M
2018-10-19 00:52:24,01757.HK,0.320,0.025,8.475%,10.00K,3.20K,17.98,384.00M
2018-10-19 00:52:30,01757.HK,0.320,0.025,8.475%,10.00K,3.20K,17.98,384.00M
2018-10-19 00:52:35,01757.HK,0.320,0.025,8.475%,10.00K,3.20K,17.98,384.00M
2018-10-19 00:52:41,01757.HK,0.320,0.025,8.475%,10.00K,3.20K,17.98,384.00M
2018-10-19 00:52:46,01757.HK,0.320,0.025,8.475%,10.00K,3.20K,17.98,384.00M
2018-10-19 00:52:52,01757.HK,0.320,0.025,8.475%,10.00K,3.20K,17.98,384.00M
2018-10-19 00:52:55,01757.HK,0.320,0.025,8.475%,10.00K,3.20K,17.98,384.00M
2018-10-19 00:53:01,01757.HK,0.320,0.025,8.475%,10.00K,3.20K,17.98,384.00M
2018-10-19 00:53:06,01757.HK,0.320,0.025,8.475%,10.00K,3.20K,17.98,384.00M
2018-10-19 00:53:09,01757.HK,0.320,0.025,8.475%,10.00K,3.20K,17.98,384.00M
2018-10-19 00:53:13,01757.HK,0.320,0.025,8.475%,10.00K,3.20K,17.98,384.00M
2018-10-19 00:53:16,01757.HK,0.320,0.025,8.475%,10.00K,3.20K,17.98,384.00M
2018-10-19 00:53:19,01757.HK,0.320,0.025,8.475%,10.00K,3.20K,17.98,384.00M
2018-10-19 00:53:21,01757.HK,0.320,0.025,8.475%,10.00K,3.20K,17.98,384.00M
2018-10-19 00:53:25,01757.HK,0.320,0.025,8.475%,10.00K,3.20K,17.98,384.00M
2018-10-19 00:53:29,01757.HK,0.320,0.025,8.475%,10.00K,3.20K,17.98,384.00M
2018-10-19 00:53:32,01757.HK,0.320,0.025,8.475%,10.00K,3.20K,17.98,384.00M
2018-10-19 00:53:36,01757.HK,0.320,0.025,8.475%,10.00K,3.20K,17.98,384.00M
2018-10-19 00:53:42,01757.HK,0.320,0.025,8.475%,10.00K,3.20K,17.98,384.00M
2018-10-19 00:53:46,01757.HK,0.320,0.025,8.475%,10.00K,3.20K,17.98,384.00M
2018-10-19 00:53:48,01757.HK,0.320,0.025,8.475%,10.00K,3.20K,17.98,384.00M
2018-10-19 00:53:52,01757.HK,0.320,0.025,8.475%,10.00K,3.20K,17.98,384.00M
2018-10-19 00:53:58,01757.HK,0.320,0.025,8.475%,10.00K,3.20K,17.98,384.00M
2018-10-19 00:54:00,01757.HK,0.320,0.025,8.475%,10.00K,3.20K,17.98,384.00M
2018-10-19 00:54:02,01757.HK,0.320,0.025,8.475%,10.00K,3.20K,17.98,384.00M
2018-10-19 00:54:07,01757.HK,0.320,0.025,8.475%,10.00K,3.20K,17.98,384.00M
2018-10-19 00:54:08,01757.HK,0.320,0.025,8.475%,10.00K,3.20K,17.98,384.00M
2018-10-19 00:54:11,01757.HK,0.320,0.025,8.475%,10.00K,3.20K,17.98,384.00M
2018-10-19 00:54:13,01757.HK,0.320,0.025,8.475%,10.00K,3.20K,17.98,384.00M
2018-10-19 00:54:16,01757.HK,0.320,0.025,8.475%,10.00K,3.20K,17.98,384.00M
2018-10-19 00:54:18,01757.HK,0.320,0.025,8.475%,10.00K,3.20K,17.98,384.00M
2018-10-19 00:54:22,01757.HK,0.320,0.025,8.475%,10.00K,3.20K,17.98,384.00M
2018-10-19 00:54:27,01757.HK,0.320,0.025,8.475%,10.00K,3.20K,17.98,384.00M
2018-10-19 00:54:33,01757.HK,0.320,0.025,8.475%,10.00K,3.20K,17.98,384.00M
2018-10-19 00:54:37,01757.HK,0.320,0.025,8.475%,10.00K,3.20K,17.98,384.00M
2018-10-19 00:54:41,01757.HK,0.320,0.025,8.475%,10.00K,3.20K,17.98,384.00M
2018-10-19 00:54:44,01757.HK,0.320,0.025,8.475%,10.00K,3.20K,17.98,384.00M
2018-10-19 00:54:50,01757.HK,0.320,0.025,8.475%,10.00K,3.20K,17.98,384.00M
2018-10-19 00:54:55,01757.HK,0.320,0.025,8.475%,10.00K,3.20K,17.98,384.00M
2018-10-19 00:54:56,01757.HK,0.320,0.025,8.475%,10.00K,3.20K,17.98,384.00M
2018-10-19 00:55:00,01757.HK,0.320,0.025,8.475%,10.00K,3.20K,17.98,384.00M
2018-10-19 00:55:04,01757.HK,0.320,0.025,8.475%,10.00K,3.20K,17.98,384.00M
2018-10-19 00:55:09,01757.HK,0.320,0.025,8.475%,10.00K,3.20K,17.98,384.00M
2018-10-19 00:55:11,01757.HK,0.320,0.025,8.475%,10.00K,3.20K,17.98,384.00M
2018-10-19 00:55:14,01757.HK,0.320,0.025,8.475%,10.00K,3.20K,17.98,384.00M
2018-10-19 00:55:19,01757.HK,0.320,0.025,8.475%,10.00K,3.20K,17.98,384.00M
2018-10-19 00:55:21,01757.HK,0.320,0.025,8.475%,10.00K,3.20K,17.98,384.00M
2018-10-19 00:55:24,01757.HK,0.320,0.025,8.475%,10.00K,3.20K,17.98,384.00M
2018-10-19 00:55:27,01757.HK,0.320,0.025,8.475%,10.00K,3.20K,17.98,384.00M
2018-10-19 00:55:29,01757.HK,0.320,0.025,8.475%,10.00K,3.20K,17.98,384.00M
2018-10-19 00:55:30,01757.HK,0.320,0.025,8.475%,10.00K,3.20K,17.98,384.00M
2018-10-19 00:55:31,01757.HK,0.320,0.025,8.475%,10.00K,3.20K,17.98,384.00M
2018-10-19 00:55:33,01757.HK,0.320,0.025,8.475%,10.00K,3.20K,17.98,384.00M
2018-10-19 00:55:36,01757.HK,0.320,0.025,8.475%,10.00K,3.20K,17.98,384.00M
2018-10-19 00:55:38,01757.HK,0.320,0.025,8.475%,10.00K,3.20K,17.98,384.00M
2018-10-19 00:55:41,01757.HK,0.320,0.025,8.475%,10.00K,3.20K,17.98,384.00M
2018-10-19 00:55:42,01757.HK,0.320,0.025,8.475%,10.00K,3.20K,17.98,384.00M
2018-10-19 00:55:44,01757.HK,0.320,0.025,8.475%,10.00K,3.20K,17.98,384.00M
2018-10-19 00:55:47,01757.HK,0.320,0.025,8.475%,10.00K,3.20K,17.98,384.00M
2018-10-19 00:55:50,01757.HK,0.320,0.025,8.475%,10.00K,3.20K,17.98,384.00M
2018-10-19 00:55:52,01757.HK,0.320,0.025,8.475%,10.00K,3.20K,17.98,384.00M
2018-10-19 00:55:53,01757.HK,0.320,0.025,8.475%,10.00K,3.20K,17.98,384.00M
2018-10-19 00:55:57,01757.HK,0.320,0.025,8.475%,10.00K,3.20K,17.98,384.00M
2018-10-19 00:55:59,01757.HK,0.320,0.025,8.475%,10.00K,3.20K,17.98,384.00M
2018-10-19 00:56:01,01757.HK,0.320,0.025,8.475%,10.00K,3.20K,17.98,384.00M
2018-10-19 00:56:03,01757.HK,0.320,0.025,8.475%,10.00K,3.20K,17.98,384.00M
2018-10-19 00:56:06,01757.HK,0.320,0.025,8.475%,10.00K,3.20K,17.98,384.00M
2018-10-19 00:56:08,01757.HK,0.320,0.025,8.475%,10.00K,3.20K,17.98,384.00M
2018-10-19 00:56:10,01757.HK,0.320,0.025,8.475%,10.00K,3.20K,17.98,384.00M
2018-10-19 00:56:12,01757.HK,0.320,0.025,8.475%,10.00K,3.20K,17.98,384.00M
2018-10-19 00:56:15,01757.HK,0.320,0.025,8.475%,10.00K,3.20K,17.98,384.00M
2018-10-19 00:56:17,01757.HK,0.320,0.025,8.475%,10.00K,3.20K,17.98,384.00M
2018-10-19 00:56:22,01757.HK,0.320,0.025,8.475%,10.00K,3.20K,17.98,384.00M
2018-10-19 00:56:27,01757.HK,0.320,0.025,8.475%,10.00K,3.20K,17.98,384.00M
2018-10-19 00:56:28,01757.HK,0.320,0.025,8.475%,10.00K,3.20K,17.98,384.00M
2018-10-19 00:56:30,01757.HK,0.320,0.025,8.475%,10.00K,3.20K,17.98,384.00M
2018-10-19 00:56:31,01757.HK,0.320,0.025,8.475%,10.00K,3.20K,17.98,384.00M
2018-10-19 00:56:37,01757.HK,0.320,0.025,8.475%,10.00K,3.20K,17.98,384.00M
2018-10-19 00:56:43,01757.HK,0.320,0.025,8.475%,10.00K,3.20K,17.98,384.00M
2018-10-19 00:56:46,01757.HK,0.320,0.025,8.475%,10.00K,3.20K,17.98,384.00M
2018-10-19 00:56:50,01757.HK,0.320,0.025,8.475%,10.00K,3.20K,17.98,384.00M
2018-10-19 00:56:53,01757.HK,0.320,0.025,8.475%,10.00K,3.20K,17.98,384.00M
2018-10-19 00:56:54,01757.HK,0.320,0.025,8.475%,10.00K,3.20K,17.98,384.00M
2018-10-19 00:56:58,01757.HK,0.320,0.025,8.475%,10.00K,3.20K,17.98,384.00M
2018-10-19 00:56:59,01757.HK,0.320,0.025,8.475%,10.00K,3.20K,17.98,384.00M
2018-10-19 00:57:02,01757.HK,0.320,0.025,8.475%,10.00K,3.20K,17.98,384.00M
2018-10-19 00:57:04,01757.HK,0.320,0.025,8.475%,10.00K,3.20K,17.98,384.00M
2018-10-19 00:57:07,01757.HK,0.320,0.025,8.475%,10.00K,3.20K,17.98,384.00M
2018-10-19 00:57:09,01757.HK,0.320,0.025,8.475%,10.00K,3.20K,17.98,384.00M
2018-10-19 00:57:12,01757.HK,0.320,0.025,8.475%,10.00K,3.20K,17.98,384.00M
2018-10-19 00:57:14,01757.HK,0.320,0.025,8.475%,10.00K,3.20K,17.98,384.00M
2018-10-19 00:57:16,01757.HK,0.320,0.025,8.475%,10.00K,3.20K,17.98,384.00M
2018-10-19 00:57:20,01757.HK,0.320,0.025,8.475%,10.00K,3.20K,17.98,384.00M
2018-10-19 00:57:22,01757.HK,0.320,0.025,8.475%,10.00K,3.20K,17.98,384.00M
2018-10-19 00:57:27,01757.HK,0.320,0.025,8.475%,10.00K,3.20K,17.98,384.00M
2018-10-19 00:57:30,01757.HK,0.320,0.025,8.475%,10.00K,3.20K,17.98,384.00M
2018-10-19 00:57:31,01757.HK,0.320,0.025,8.475%,10.00K,3.20K,17.98,384.00M
2018-10-19 00:57:33,01757.HK,0.320,0.025,8.475%,10.00K,3.20K,17.98,384.00M
2018-10-19 00:57:37,01757.HK,0.320,0.025,8.475%,10.00K,3.20K,17.98,384.00M
2018-10-19 00:57:41,01757.HK,0.320,0.025,8.475%,10.00K,3.20K,17.98,384.00M
2018-10-19 00:57:44,01757.HK,0.320,0.025,8.475%,10.00K,3.20K,17.98,384.00M
2018-10-19 00:57:47,01757.HK,0.320,0.025,8.475%,10.00K,3.20K,17.98,384.00M
2018-10-19 00:57:51,01757.HK,0.320,0.025,8.475%,10.00K,3.20K,17.98,384.00M
2018-10-19 00:57:53,01757.HK,0.320,0.025,8.475%,10.00K,3.20K,17.98,384.00M
2018-10-19 00:57:55,01757.HK,0.320,0.025,8.475%,10.00K,3.20K,17.98,384.00M
2018-10-19 00:57:56,01757.HK,0.320,0.025,8.475%,10.00K,3.20K,17.98,384.00M
2018-10-19 00:57:58,01757.HK,0.320,0.025,8.475%,10.00K,3.20K,17.98,384.00M
2018-10-19 00:58:01,01757.HK,0.320,0.025,8.475%,10.00K,3.20K,17.98,384.00M
2018-10-19 00:58:04,01757.HK,0.320,0.025,8.475%,10.00K,3.20K,17.98,384.00M
2018-10-19 00:58:06,01757.HK,0.320,0.025,8.475%,10.00K,3.20K,17.98,384.00M
2018-10-19 00:58:09,01757.HK,0.320,0.025,8.475%,10.00K,3.20K,17.98,384.00M
2018-10-19 00:58:14,01757.HK,0.320,0.025,8.475%,10.00K,3.20K,17.98,384.00M
2018-10-19 00:58:15,01757.HK,0.320,0.025,8.475%,10.00K,3.20K,17.98,384.00M
2018-10-19 00:58:18,01757.HK,0.320,0.025,8.475%,10.00K,3.20K,17.98,384.00M
2018-10-19 00:58:21,01757.HK,0.320,0.025,8.475%,10.00K,3.20K,17.98,384.00M
2018-10-19 00:58:30,01757.HK,0.320,0.025,8.475%,10.00K,3.20K,17.98,384.00M
2018-10-19 00:58:35,01757.HK,0.320,0.025,8.475%,10.00K,3.20K,17.98,384.00M
2018-10-19 00:58:37,01757.HK,0.320,0.025,8.475%,10.00K,3.20K,17.98,384.00M
2018-10-19 00:58:43,01757.HK,0.320,0.025,8.475%,10.00K,3.20K,17.98,384.00M
2018-10-19 00:58:46,01757.HK,0.320,0.025,8.475%,10.00K,3.20K,17.98,384.00M
2018-10-19 00:58:52,01757.HK,0.320,0.025,8.475%,10.00K,3.20K,17.98,384.00M
2018-10-19 00:58:57,01757.HK,0.320,0.025,8.475%,10.00K,3.20K,17.98,384.00M
2018-10-19 00:59:01,01757.HK,0.320,0.025,8.475%,10.00K,3.20K,17.98,384.00M
2018-10-19 00:59:04,01757.HK,0.320,0.025,8.475%,10.00K,3.20K,17.98,384.00M
2018-10-19 00:59:08,01757.HK,0.320,0.025,8.475%,10.00K,3.20K,17.98,384.00M
2018-10-19 00:59:11,01757.HK,0.320,0.025,8.475%,10.00K,3.20K,17.98,384.00M
2018-10-19 00:59:16,01757.HK,0.320,0.025,8.475%,10.00K,3.20K,17.98,384.00M
2018-10-19 00:59:18,01757.HK,0.320,0.025,8.475%,10.00K,3.20K,17.98,384.00M
2018-10-19 00:59:21,01757.HK,0.320,0.025,8.475%,10.00K,3.20K,17.98,384.00M
2018-10-19 00:59:27,01757.HK,0.320,0.025,8.475%,10.00K,3.20K,17.98,384.00M
2018-10-19 00:59:33,01757.HK,0.320,0.025,8.475%,10.00K,3.20K,17.98,384.00M
2018-10-19 00:59:40,01757.HK,0.320,0.025,8.475%,10.00K,3.20K,17.98,384.00M
2018-10-19 00:59:46,01757.HK,0.320,0.025,8.475%,10.00K,3.20K,17.98,384.00M
2018-10-19 00:59:49,01757.HK,0.320,0.025,8.475%,10.00K,3.20K,17.98,384.00M
2018-10-19 00:59:53,01757.HK,0.320,0.025,8.475%,10.00K,3.20K,17.98,384.00M
2018-10-19 00:59:57,01757.HK,0.320,0.025,8.475%,10.00K,3.20K,17.98,384.00M
2018-10-19 00:59:59,01757.HK,0.320,0.025,8.475%,10.00K,3.20K,17.98,384.00M
2018-10-19 01:00:01,01757.HK,0.320,0.025,8.475%,10.00K,3.20K,17.98,384.00M
2018-10-19 01:00:04,01757.HK,0.320,0.025,8.475%,10.00K,3.20K,17.98,384.00M
2018-10-19 01:00:07,01757.HK,0.320,0.025,8.475%,10.00K,3.20K,17.98,384.00M
2018-10-19 01:00:11,01757.HK,0.320,0.025,8.475%,10.00K,3.20K,17.98,384.00M
2018-10-19 01:00:16,01757.HK,0.320,0.025,8.475%,10.00K,3.20K,17.98,384.00M
2018-10-19 01:00:22,01757.HK,0.320,0.025,8.475%,10.00K,3.20K,17.98,384.00M
2018-10-19 01:00:28,01757.HK,0.320,0.025,8.475%,10.00K,3.20K,17.98,384.00M
2018-10-19 01:00:36,01757.HK,0.320,0.025,8.475%,10.00K,3.20K,17.98,384.00M
2018-10-19 01:00:42,01757.HK,0.320,0.025,8.475%,10.00K,3.20K,17.98,384.00M
2018-10-19 01:00:49,01757.HK,0.320,0.025,8.475%,10.00K,3.20K,17.98,384.00M
2018-10-19 01:00:53,01757.HK,0.320,0.025,8.475%,10.00K,3.20K,17.98,384.00M
2018-10-19 01:00:54,01757.HK,0.320,0.025,8.475%,10.00K,3.20K,17.98,384.00M
2018-10-19 01:01:02,01757.HK,0.320,0.025,8.475%,10.00K,3.20K,17.98,384.00M
2018-10-19 01:01:07,01757.HK,0.320,0.025,8.475%,10.00K,3.20K,17.98,384.00M
2018-10-19 01:01:10,01757.HK,0.320,0.025,8.475%,10.00K,3.20K,17.98,384.00M
2018-10-19 01:01:13,01757.HK,0.320,0.025,8.475%,10.00K,3.20K,17.98,384.00M
2018-10-19 01:01:18,01757.HK,0.320,0.025,8.475%,10.00K,3.20K,17.98,384.00M
2018-10-19 01:01:23,01757.HK,0.320,0.025,8.475%,10.00K,3.20K,17.98,384.00M
2018-10-19 01:01:31,01757.HK,0.320,0.025,8.475%,10.00K,3.20K,17.98,384.00M
2018-10-19 01:01:42,01757.HK,0.320,0.025,8.475%,10.00K,3.20K,17.98,384.00M
2018-10-19 01:01:47,01757.HK,0.320,0.025,8.475%,10.00K,3.20K,17.98,384.00M
2018-10-19 01:01:56,01757.HK,0.320,0.025,8.475%,10.00K,3.20K,17.98,384.00M
2018-10-19 01:02:02,01757.HK,0.320,0.025,8.475%,10.00K,3.20K,17.98,384.00M
2018-10-19 01:02:05,01757.HK,0.320,0.025,8.475%,10.00K,3.20K,17.98,384.00M
2018-10-19 01:02:10,01757.HK,0.320,0.025,8.475%,10.00K,3.20K,17.98,384.00M
2018-10-19 01:02:13,01757.HK,0.320,0.025,8.475%,10.00K,3.20K,17.98,384.00M
2018-10-19 01:02:15,01757.HK,0.320,0.025,8.475%,10.00K,3.20K,17.98,384.00M
2018-10-19 01:02:19,01757.HK,0.320,0.025,8.475%,10.00K,3.20K,17.98,384.00M
2018-10-19 01:02:28,01757.HK,0.320,0.025,8.475%,10.00K,3.20K,17.98,384.00M
2018-10-19 01:02:43,01757.HK,0.320,0.025,8.475%,10.00K,3.20K,17.98,384.00M
2018-10-19 01:02:49,01757.HK,0.320,0.025,8.475%,10.00K,3.20K,17.98,384.00M
2018-10-19 01:02:53,01757.HK,0.320,0.025,8.475%,10.00K,3.20K,17.98,384.00M
2018-10-19 01:02:58,01757.HK,0.320,0.025,8.475%,10.00K,3.20K,17.98,384.00M
2018-10-19 01:03:06,01757.HK,0.320,0.025,8.475%,10.00K,3.20K,17.98,384.00M
2018-10-19 01:03:10,01757.HK,0.320,0.025,8.475%,10.00K,3.20K,17.98,384.00M
2018-10-19 01:03:12,01757.HK,0.320,0.025,8.475%,10.00K,3.20K,17.98,384.00M
2018-10-19 01:03:19,01757.HK,0.320,0.025,8.475%,10.00K,3.20K,17.98,384.00M
2018-10-19 01:03:24,01757.HK,0.320,0.025,8.475%,10.00K,3.20K,17.98,384.00M
2018-10-19 01:03:28,01757.HK,0.320,0.025,8.475%,10.00K,3.20K,17.98,384.00M
2018-10-19 01:03:30,01757.HK,0.320,0.025,8.475%,10.00K,3.20K,17.98,384.00M
2018-10-19 01:03:32,01757.HK,0.320,0.025,8.475%,10.00K,3.20K,17.98,384.00M
2018-10-19 01:03:36,01757.HK,0.320,0.025,8.475%,10.00K,3.20K,17.98,384.00M
2018-10-19 01:03:39,01757.HK,0.320,0.025,8.475%,10.00K,3.20K,17.98,384.00M
2018-10-19 01:03:44,01757.HK,0.320,0.025,8.475%,10.00K,3.20K,17.98,384.00M
2018-10-19 01:03:49,01757.HK,0.320,0.025,8.475%,10.00K,3.20K,17.98,384.00M
2018-10-19 01:03:52,01757.HK,0.320,0.025,8.475%,10.00K,3.20K,17.98,384.00M
2018-10-19 01:03:59,01757.HK,0.320,0.025,8.475%,10.00K,3.20K,17.98,384.00M
2018-10-19 01:04:01,01757.HK,0.320,0.025,8.475%,10.00K,3.20K,17.98,384.00M
2018-10-19 01:04:05,01757.HK,0.320,0.025,8.475%,10.00K,3.20K,17.98,384.00M
2018-10-19 01:04:07,01757.HK,0.320,0.025,8.475%,10.00K,3.20K,17.98,384.00M
2018-10-19 01:04:09,01757.HK,0.320,0.025,8.475%,10.00K,3.20K,17.98,384.00M
2018-10-19 01:04:12,01757.HK,0.320,0.025,8.475%,10.00K,3.20K,17.98,384.00M
2018-10-19 01:04:13,01757.HK,0.320,0.025,8.475%,10.00K,3.20K,17.98,384.00M
2018-10-19 01:04:17,01757.HK,0.320,0.025,8.475%,10.00K,3.20K,17.98,384.00M
2018-10-19 01:04:19,01757.HK,0.320,0.025,8.475%,10.00K,3.20K,17.98,384.00M
2018-10-19 01:04:22,01757.HK,0.320,0.025,8.475%,10.00K,3.20K,17.98,384.00M
2018-10-19 01:04:27,01757.HK,0.320,0.025,8.475%,10.00K,3.20K,17.98,384.00M
2018-10-19 01:04:33,01757.HK,0.320,0.025,8.475%,10.00K,3.20K,17.98,384.00M
2018-10-19 01:04:38,01757.HK,0.320,0.025,8.475%,10.00K,3.20K,17.98,384.00M
2018-10-19 01:04:46,01757.HK,0.320,0.025,8.475%,10.00K,3.20K,17.98,384.00M
2018-10-19 01:04:50,01757.HK,0.320,0.025,8.475%,10.00K,3.20K,17.98,384.00M
2018-10-19 01:05:00,01757.HK,0.320,0.025,8.475%,10.00K,3.20K,17.98,384.00M
2018-10-19 01:05:04,01757.HK,0.320,0.025,8.475%,10.00K,3.20K,17.98,384.00M
2018-10-19 01:05:08,01757.HK,0.320,0.025,8.475%,10.00K,3.20K,17.98,384.00M
2018-10-19 01:05:12,01757.HK,0.320,0.025,8.475%,10.00K,3.20K,17.98,384.00M
2018-10-19 01:05:14,01757.HK,0.320,0.025,8.475%,10.00K,3.20K,17.98,384.00M
2018-10-19 01:05:16,01757.HK,0.320,0.025,8.475%,10.00K,3.20K,17.98,384.00M
2018-10-19 01:05:19,01757.HK,0.320,0.025,8.475%,10.00K,3.20K,17.98,384.00M
2018-10-19 01:05:23,01757.HK,0.320,0.025,8.475%,10.00K,3.20K,17.98,384.00M
2018-10-19 01:05:25,01757.HK,0.320,0.025,8.475%,10.00K,3.20K,17.98,384.00M
2018-10-19 01:05:30,01757.HK,0.320,0.025,8.475%,10.00K,3.20K,17.98,384.00M
2018-10-19 01:05:35,01757.HK,0.320,0.025,8.475%,10.00K,3.20K,17.98,384.00M
2018-10-19 01:05:37,01757.HK,0.320,0.025,8.475%,10.00K,3.20K,17.98,384.00M
2018-10-19 01:05:45,01757.HK,0.320,0.025,8.475%,10.00K,3.20K,17.98,384.00M
2018-10-19 01:05:50,01757.HK,0.320,0.025,8.475%,10.00K,3.20K,17.98,384.00M
2018-10-19 01:05:57,01757.HK,0.320,0.025,8.475%,10.00K,3.20K,17.98,384.00M
2018-10-19 01:06:03,01757.HK,0.320,0.025,8.475%,10.00K,3.20K,17.98,384.00M
2018-10-19 01:06:09,01757.HK,0.320,0.025,8.475%,10.00K,3.20K,17.98,384.00M
2018-10-19 01:06:12,01757.HK,0.320,0.025,8.475%,10.00K,3.20K,17.98,384.00M
2018-10-19 01:06:19,01757.HK,0.320,0.025,8.475%,10.00K,3.20K,17.98,384.00M
2018-10-19 01:06:21,01757.HK,0.320,0.025,8.475%,10.00K,3.20K,17.98,384.00M
2018-10-19 01:06:28,01757.HK,0.320,0.025,8.475%,20.00K,6.40K,17.98,384.00M
2018-10-19 01:06:48,01757.HK,0.320,0.025,8.475%,20.00K,6.40K,17.98,384.00M
2018-10-19 01:07:07,01757.HK,0.320,0.025,8.475%,20.00K,6.40K,17.98,384.00M
2018-10-19 01:07:19,01757.HK,0.320,0.025,8.475%,20.00K,6.40K,17.98,384.00M
2018-10-19 01:07:37,01757.HK,0.320,0.025,8.475%,20.00K,6.40K,17.98,384.00M
2018-10-19 01:08:03,01757.HK,0.320,0.025,8.475%,20.00K,6.40K,17.98,384.00M
2018-10-19 01:08:18,01757.HK,0.320,0.025,8.475%,20.00K,6.40K,17.98,384.00M
2018-10-19 01:08:39,01757.HK,0.320,0.025,8.475%,20.00K,6.40K,17.98,384.00M
2018-10-19 01:08:57,01757.HK,0.320,0.025,8.475%,20.00K,6.40K,17.98,384.00M
2018-10-19 01:20:29,01757.HK,0.320,0.025,8.475%,20.00K,6.40K,17.98,384.00M
2018-10-19 01:21:09,01757.HK,0.320,0.025,8.475%,20.00K,6.40K,17.98,384.00M
2018-10-19 01:21:36,01757.HK,0.320,0.025,8.475%,20.00K,6.40K,17.98,384.00M
2018-10-19 01:21:55,01757.HK,0.320,0.025,8.475%,20.00K,6.40K,17.98,384.00M
2018-10-19 01:22:11,01757.HK,0.320,0.025,8.475%,20.00K,6.40K,17.98,384.00M
2018-10-19 01:22:48,01757.HK,0.320,0.025,8.475%,20.00K,6.40K,17.98,384.00M
2018-10-19 01:31:30,01757.HK,0.320,0.025,8.475%,20.00K,6.40K,17.98,384.00M
